model_step,num_total,dropped_out_count,pending_count,online_count,dropped_out_eris_count,pending_eris_count,online_eris_count,dropped_out_eris_mw,pending_eris_mw,total_online_mw,total_mw,total_pending_mw,total_dropped_out_mw,online_eris_mw,dropped_out_nris_count,pending_nris_count,online_nris_count,dropped_out_nris_mw,pending_nris_mw,online_nris_mw,capacity_price,system_marginal_energy_price,avg_construction_time,avg_construction_time_eris,avg_construction_time_nris,study_time_all,study_time_eris,study_time_nris,nu_all_avg,nu_eris_avg,nu_nris_avg,nu_dropped_avg,nu_dropped_eris_avg,nu_dropped_nris_avg,transmission_built_nodes,total_installed_capacity
1,311,200,111,0,31,20,0,5559.17,672.8,0.0,40783.17,5449.81,35333.36,0.0,169,91,0,29774.19,4777.01,0.0,329.19,"[1.0, 1.0, 1.0, 1.0, 1.0, 1.0, 1.0, 1.0, 1.0, 1.0, 1.0, 1.0, 1.0, 1.0, 1.0, 1.0, 1.0, 1.0, 1.0, 1.0, 1.0]",1.4839969114471774,1.6116113873960156,1.4559497738760045,2,1.0,2.0,175.07799252825885,189.78241311310427,242.39748165259303,266.3429556390289,214.4088813176776,275.86932430152524,[],27000000.0
2,311,228,74,9,46,25,9,8991.1,706.9,346.9,46232.98,8503.66,37382.42,346.9,182,160,0,28391.32,7796.76,0.0,329.19,"[1.0, 1.0, 1.0, 1.0, 1.0, 1.0, 1.0, 1.0, 1.0, 1.0, 1.0, 1.0, 1.0, 1.0, 1.0, 1.0, 1.0, 1.0, 1.0, 1.0, 1.0]",2.048625559329931,2.2284778306121593,2.010406951682458,2,1.0,2.0,175.58432221652907,294.52123690148744,330.5736261359141,449.80052886225855,398.55331981099147,462.7531201609306,[],27000346.9
3,311,244,17,50,47,27,10,6292.87,772.9,2745.91,49633.73,8451.4,38436.42,361.9,197,184,40,32143.55,7678.5,2384.01,329.19,"[1.0, 1.0, 1.0, 1.0, 1.0, 1.0, 1.0, 1.0, 1.0, 1.0, 1.0, 1.0, 1.0, 1.0, 1.0, 1.0, 1.0, 1.0, 1.0, 1.0, 1.0]",2.089818779601894,2.2263719602458516,2.067263120299097,2,1.0,2.0,178.24789837584018,324.11337702673717,340.8646337396938,509.0443975350931,458.71832215211566,521.0511261797627,"[7, 8, 4]",27002745.91
4,311,228,-2,85,38,31,18,6698.45,812.15,4186.81,51980.48,10797.35,36996.32,618.8,190,228,67,30297.87,9985.2,3568.01,329.19,"[1.0, 1.0, 1.0, 1.0, 1.0, 1.0, 1.0, 1.0, 1.0, 1.0, 1.0, 1.0, 1.0, 1.0, 1.0, 1.0, 1.0, 1.0, 1.0, 1.0, 1.0]",2.0860377748926213,2.0860047942192326,2.0860432530383703,2,1.0,2.0,178.85754233448205,249.44222310178296,295.57586808848424,454.073573989948,375.4536445555979,469.79755987681796,"[7, 8, 4]",27004186.81
5,311,237,-60,134,38,27,30,5240.75,593.15,6017.51,55767.33,11902.1,37847.72,994.8,199,257,104,32606.97,11308.95,5022.71,329.19,"[1.0, 1.0, 1.0, 1.0, 1.0, 1.0, 1.0, 1.0, 1.0, 1.0, 1.0, 1.0, 1.0, 1.0, 1.0, 1.0, 1.0, 1.0, 1.0, 1.0, 1.0]",2.0465722015033956,1.9718448914925415,2.0583712504524776,2,1.0,2.0,179.2994742306684,270.28914713230716,313.22861872994713,532.2291782190723,450.5871095393243,547.8191209820394,"[7, 5, 8]",27006017.51
6,311,238,-134,207,45,17,48,4932.79,395.35,8879.01,58702.78,12247.65,37576.12,1342.8,193,267,159,32643.33,11852.3,7536.21,329.19,"[1.0, 1.0, 1.0, 1.0, 1.0, 1.0, 1.0, 1.0, 1.0, 1.0, 1.0, 1.0, 1.0, 1.0, 1.0, 1.0, 1.0, 1.0, 1.0, 1.0, 1.0]",1.9286925216566442,1.9366063670710951,1.9274850100323735,2,1.0,2.0,178.52958886642028,273.07521696322874,319.17012244168507,588.010720688848,450.1968890296443,620.1434793658644,"[7, 5, 18]",27008879.01
7,311,255,-256,312,50,19,55,8242.4,348.55,13260.21,61909.83,9484.0,39165.62,1572.6,205,216,257,30923.22,9135.45,11687.61,329.19,"[1.0, 1.0, 1.0, 1.0, 1.0, 1.0, 1.0, 1.0, 1.0, 1.0, 1.0, 1.0, 1.0, 1.0, 1.0, 1.0, 1.0, 1.0, 1.0, 1.0, 1.0]",1.8976437489927394,1.9813670580598548,1.8845453877433382,2,1.0,2.0,178.576107310838,293.2561767304454,316.36005313862455,600.6852989942522,503.85207236291944,624.3031591482359,"[7, 18, 13]",27013260.21
8,311,255,-349,405,34,15,63,4360.4,258.4,17894.01,63527.38,6561.05,39072.32,1724.75,221,183,342,34711.92,6302.65,16169.26,329.19,"[1.0, 1.0, 1.0, 1.0, 1.0, 1.0, 1.0, 1.0, 1.0, 1.0, 1.0, 1.0, 1.0, 1.0, 1.0, 1.0, 1.0, 1.0, 1.0, 1.0, 1.0]",1.854166339632724,1.9507752454680183,1.8398130164800517,2,1.0,2.0,179.5228902131553,274.9211426206562,340.05952534186565,691.0716512941672,559.4323184414131,711.323856348437,"[13, 7, 1]",27017894.01
9,311,248,-421,484,49,19,67,8641.62,306.4,20603.21,65238.23,5927.95,38707.07,1793.15,199,163,417,30065.45,5621.55,18810.06,329.19,"[1.0, 1.0, 1.0, 1.0, 1.0, 1.0, 1.0, 1.0, 1.0, 1.0, 1.0, 1.0, 1.0, 1.0, 1.0, 1.0, 1.0, 1.0, 1.0, 1.0, 1.0]",1.8361327028536856,1.934267839655886,1.821581630845083,2,1.0,2.0,179.67624639722897,280.21428607168747,299.68460663461013,611.3663592237282,507.58968182186965,636.9194104432814,"[4, 1, 10]",27020603.21
10,311,251,-487,547,37,15,76,5502.6,223.0,22755.46,67314.33,5591.55,38967.32,1949.55,214,164,471,33464.72,5368.55,20805.91,329.19,"[1.0, 1.0, 1.0, 1.0, 1.0, 1.0, 1.0, 1.0, 1.0, 1.0, 1.0, 1.0, 1.0, 1.0, 1.0, 1.0, 1.0, 1.0, 1.0, 1.0, 1.0]",1.8286678596007842,1.9240830969197598,1.814994179922002,2,1.0,2.0,179.8799808129056,254.64213032820862,300.46589799259834,625.8839601894712,510.8819151976367,645.7674913329192,"[6, 2, 4]",27022755.46
11,311,250,-540,601,44,15,83,5533.66,237.0,24595.86,69130.18,5583.0,38951.32,2053.55,206,171,518,33417.66,5346.0,22542.31,329.19,"[1.0, 1.0, 1.0, 1.0, 1.0, 1.0, 1.0, 1.0, 1.0, 1.0, 1.0, 1.0, 1.0, 1.0, 1.0, 1.0, 1.0, 1.0, 1.0, 1.0, 1.0]",1.802503186312985,1.916092895995045,1.786346739943113,2,1.0,2.0,179.28844679583148,247.22956000935756,282.7173316588093,588.1544069105747,466.35212985941706,614.1704272515989,"[6, 2, 3]",27024595.86
12,311,254,-595,652,51,21,87,6953.6,328.15,26033.11,70962.03,5704.3,39224.62,2124.55,203,171,565,32271.02,5376.15,23908.56,329.19,"[1.0, 1.0, 1.0, 1.0, 1.0, 1.0, 1.0, 1.0, 1.0, 1.0, 1.0, 1.0, 1.0, 1.0, 1.0, 1.0, 1.0, 1.0, 1.0, 1.0, 1.0]",1.7881682884049273,1.8576965790099456,1.7779657675009297,2,1.0,2.0,178.21568176985608,257.70904614449927,285.0392223734017,622.8879241411064,490.8727020372787,656.0543099898513,"[2, 3, 6]",27026033.11
13,311,253,-653,711,42,18,99,5506.69,297.0,27659.86,72520.58,6000.1,38860.62,2299.7,211,173,612,33353.93,5703.1,25360.16,329.19,"[1.0, 1.0, 1.0, 1.0, 1.0, 1.0, 1.0, 1.0, 1.0, 1.0, 1.0, 1.0, 1.0, 1.0, 1.0, 1.0, 1.0, 1.0, 1.0, 1.0, 1.0]",1.7764411213031255,1.8802648341775166,1.760966759002102,2,1.0,2.0,177.91562241177343,247.74021929174432,276.7065967437012,610.7137304691465,526.8978397289977,627.3974622752427,"[6, 2, 5]",27027659.86
14,311,253,-727,785,39,16,107,5113.8,236.4,29698.01,74443.13,5948.4,38796.72,2450.7,214,159,678,33682.92,5712.0,27247.31,329.19,"[1.0, 1.0, 1.0, 1.0, 1.0, 1.0, 1.0, 1.0, 1.0, 1.0, 1.0, 1.0, 1.0, 1.0, 1.0, 1.0, 1.0, 1.0, 1.0, 1.0, 1.0]",1.780858708743601,1.876924003722365,1.766741586542421,2,1.0,2.0,178.03579207693457,243.63671909846033,280.28160827471316,644.7856063115292,548.1409240025566,662.3984222463421,"[5, 8, 4]",27029698.01
15,311,255,-798,854,56,17,112,9695.56,244.8,32162.01,76429.58,5404.75,38862.82,2532.7,199,145,742,29167.26,5159.95,29629.31,329.19,"[1.0, 1.0, 1.0, 1.0, 1.0, 1.0, 1.0, 1.0, 1.0, 1.0, 1.0, 1.0, 1.0, 1.0, 1.0, 1.0, 1.0, 1.0, 1.0, 1.0, 1.0]",1.767489093227202,1.8353373370669208,1.7576216485199603,2,1.0,2.0,177.89263653428887,260.07223105707556,265.5263047976401,610.7294550468966,521.515111855825,635.8349988594596,"[4, 8, 10]",27032162.01
16,311,263,-852,900,51,9,122,7209.3,132.4,33522.16,78349.93,5299.75,39528.02,2676.1,212,155,778,32318.72,5167.35,30846.06,329.19,"[1.0, 1.0, 1.0, 1.0, 1.0, 1.0, 1.0, 1.0, 1.0, 1.0, 1.0, 1.0, 1.0, 1.0, 1.0, 1.0, 1.0, 1.0, 1.0, 1.0, 1.0]",1.745623506322272,1.8382836680097467,1.7326133442846952,2,1.0,2.0,177.9261379012196,263.63214678783737,280.0132831337917,681.6838371736892,564.2331412962665,709.938485710239,"[10, 18, 12]",27033522.16
17,311,251,-889,949,33,7,127,5240.52,114.0,35078.51,79605.08,5585.55,38941.02,2746.5,218,168,822,33700.5,5471.55,32332.01,329.19,"[1.0, 1.0, 1.0, 1.0, 1.0, 1.0, 1.0, 1.0, 1.0, 1.0, 1.0, 1.0, 1.0, 1.0, 1.0, 1.0, 1.0, 1.0, 1.0, 1.0, 1.0]",1.7511266363573663,1.8153451529740483,1.7424344330981387,2,1.0,2.0,177.25652959580066,215.1970717425008,258.318218863937,592.629402800612,493.98971159015736,607.5610991765063,"[12, 18, 3]",27035078.51
18,311,259,-953,1005,57,5,130,8523.29,64.0,36640.21,81447.23,5550.4,39256.62,2807.5,202,166,875,30733.33,5486.4,33832.71,329.19,"[1.0, 1.0, 1.0, 1.0, 1.0, 1.0, 1.0, 1.0, 1.0, 1.0, 1.0, 1.0, 1.0, 1.0, 1.0, 1.0, 1.0, 1.0, 1.0, 1.0, 1.0]",1.7575101986844726,1.810406259716094,1.7506504789541468,2,1.0,2.0,176.70237555522087,268.1493831564045,259.98753604839,644.1976649468676,555.9620439360874,669.0958352320879,"[3, 13, 2]",27036640.21
19,311,247,-1004,1068,48,8,134,6537.21,129.0,38987.91,82973.78,5371.85,38614.02,2860.5,199,164,934,32076.81,5242.85,36127.41,329.19,"[1.0, 1.0, 1.0, 1.0, 1.0, 1.0, 1.0, 1.0, 1.0, 1.0, 1.0, 1.0, 1.0, 1.0, 1.0, 1.0, 1.0, 1.0, 1.0, 1.0, 1.0]",1.7726671652066472,1.8082716985585372,1.7680625716401914,2,1.0,2.0,176.32039101309883,228.7247144285706,242.2259413524814,562.7022543293693,472.5648863774195,584.4439310212971,"[2, 6, 13]",27038987.91
20,311,249,-1049,1111,45,10,137,5104.91,210.0,40172.91,85142.93,6102.7,38867.32,2902.5,204,181,974,33762.41,5892.7,37270.41,329.19,"[1.0, 1.0, 1.0, 1.0, 1.0, 1.0, 1.0, 1.0, 1.0, 1.0, 1.0, 1.0, 1.0, 1.0, 1.0, 1.0, 1.0, 1.0, 1.0, 1.0, 1.0]",1.780662463487892,1.7772988286516447,1.7810905624670506,2,1.0,2.0,175.92360020064166,235.88479574655037,250.73555422544496,630.4697651184014,530.598954923243,652.5000908967452,"[6, 11, 16]",27040172.91
