,model_step,node_id,lmp,available_capacity,queue_size_normalized_by_capacity,num_projects,congestion_indicator,mw_threshold_1,mw_threshold_2,installed_capacity,new_eris_count,new_nris_count,new_dropped_out,dropped_out_eris_count,dropped_out_nris_count,dropped_out_eris_mw,dropped_out_nris_mw,dropped_out_mw,total_pending_count,pending_eris_count,pending_nris_count,pending_mw,pending_eris_mw,pending_nris_mw,total_online_count,online_eris_count,online_nris_count,online_mw,online_eris_mw,online_nris_mw,avg_cost_eris_dropped_out,avg_cost_nris_dropped_out,avg_cost_eris_pending,avg_cost_nris_pending,avg_cost_eris_online,avg_cost_nris_online,avg_construction_time,avg_study_time
0,1,1,[27.54],157.5,3.4060227631994944,0,12.883338602592476,157.5,472.5,1265.2,0,0,0,0,0,0.0,0.0,0.0,0,0,0,0.0,0.0,0.0,0,0,0,0.0,0.0,0.0,0.0,0.0,0.0,0.0,0,0,,
1,1,2,[31.18],15328.900000000001,1.790614353404069,73,7.755525067448172,15328.900000000001,45986.700000000004,36954.3,12,61,45,5,40,890.0,5764.3,6654.3,28,7,21,1148.6,245.9,902.7,0,0,0,0.0,0.0,0.0,152.5702450244191,190.7128062805239,152.5702450244191,190.71280628052395,0,0,2.7311771659664976,1.8356164383561644
2,1,3,[32.33],4981.5,1.3598160305626645,65,11.414635955639628,4981.5,14944.5,10784.4,11,54,46,6,40,1227.0,7724.54,8951.54,19,5,14,534.25,120.9,413.35,0,0,0,0.0,0.0,0.0,318.5011588415428,398.12644855192855,162.91601127354693,203.64501409193366,0,0,0.522926855455516,1.8307692307692307
3,1,4,[31.47],5453.900000000001,0.8073584702975615,44,16.113438607798905,5453.900000000001,16361.7,9309.0,6,38,31,5,26,979.97,4490.05,5470.02,13,1,12,497.1,15.0,482.1,0,0,0,0.0,0.0,0.0,383.3117061311306,479.13963266391323,168.21686083057668,210.27107603822083,0,0,3.1370361364068633,1.8636363636363635
4,1,5,[40.11],1742.0,0.3070257238383333,9,15.284190415538928,1742.0,5226.0,4396.7,2,7,5,2,3,370.0,922.0,1292.0,4,0,4,223.0,0.0,223.0,0,0,0,0.0,0.0,0.0,107.97679659929106,134.97099574911383,0.0,134.97099574911383,0,0,1.504970995749114,1.7777777777777777
5,1,6,[25.55],13816.5,0.9935132236728103,67,8.173861299382382,13816.5,41449.5,30585.3,9,58,37,5,32,1014.2,6522.7,7536.9,30,4,26,2196.66,226.0,1970.66,0,0,0,0.0,0.0,0.0,113.90086294513995,142.37607868142493,113.90086294513995,142.37607868142493,0,0,0.16857938324992022,1.8656716417910448
6,1,7,[32.69],205.10000000000002,2.1971189362226053,0,21.115488795863087,205.10000000000002,615.3000000000001,1624.4,0,0,0,0,0,0.0,0.0,0.0,0,0,0,0.0,0.0,0.0,0,0,0,0.0,0.0,0.0,0.0,0.0,0.0,0.0,0,0,,
7,1,8,[31.28],1310.9,0.4445670540363461,0,16.8281664884996,1310.9,3932.7000000000003,2899.9,0,0,0,0,0,0.0,0.0,0.0,0,0,0,0.0,0.0,0.0,0,0,0,0.0,0.0,0.0,0.0,0.0,0.0,0.0,0,0,,
8,1,9,[37.02],10530.300000000001,1.5199655083211174,5,0.8415969647322583,10530.300000000001,31590.9,28992.5,2,3,3,0,3,0.0,276.0,276.0,2,2,0,50.0,50.0,0.0,0,0,0,0.0,0.0,0.0,0.0,229.52568788766567,183.62055031013256,0.0,0,0,3.0136205503101325,1.6
9,1,10,[31.36],507.6,1.7495717576640613,0,12.640532398747762,507.6,1522.8000000000002,5078.9,0,0,0,0,0,0.0,0.0,0.0,0,0,0,0.0,0.0,0.0,0,0,0,0.0,0.0,0.0,0.0,0.0,0.0,0.0,0,0,,
10,1,11,[30.97],1550.2,0.13139122831239358,0,9.848589442680288,1550.2,4650.6,2172.9,0,0,0,0,0,0.0,0.0,0.0,0,0,0,0.0,0.0,0.0,0,0,0,0.0,0.0,0.0,0.0,0.0,0.0,0.0,0,0,,
11,1,12,[30.64],930.0,2.9440044411547,0,10.399703923019986,930.0,2790.0,2702.0,0,0,0,0,0,0.0,0.0,0.0,0,0,0,0.0,0.0,0.0,0,0,0,0.0,0.0,0.0,0.0,0.0,0.0,0.0,0,0,,
12,1,13,[27.57],824.6,4.213717305786613,0,13.78336986877271,824.6,2473.8,3330.1,0,0,0,0,0,0.0,0.0,0.0,0,0,0,0.0,0.0,0.0,0,0,0,0.0,0.0,0.0,0.0,0.0,0.0,0.0,0,0,,
13,1,14,[28.71],1819.8000000000002,0.30980166557089633,0,7.725180802103879,1819.8000000000002,5459.400000000001,3650.4,0,0,0,0,0,0.0,0.0,0.0,0,0,0,0.0,0.0,0.0,0,0,0,0.0,0.0,0.0,0.0,0.0,0.0,0.0,0,0,,
14,1,15,[29.93],998.8000000000001,0.16682016075016742,0,1.08841259209645,998.8000000000001,2996.4,2388.8,0,0,0,0,0,0.0,0.0,0.0,0,0,0,0.0,0.0,0.0,0,0,0,0.0,0.0,0.0,0.0,0.0,0.0,0.0,0,0,,
15,1,16,[27.17],7506.3,0.010584307178631052,43,5.242070116861435,7506.3,22518.9,11980.0,8,35,30,7,23,1033.0,3749.6,4782.6,13,1,12,710.2,15.0,695.2,0,0,0,0.0,0.0,0.0,158.59456315023976,198.2432039377997,158.59456315023976,198.24320393779968,0,0,1.185193308492603,1.813953488372093
16,1,17,[32.1],2797.6000000000004,0.7537132141411128,0,4.0701515119227745,2797.6000000000004,8392.800000000001,9385.4,0,0,0,0,0,0.0,0.0,0.0,0,0,0,0.0,0.0,0.0,0,0,0,0.0,0.0,0.0,0.0,0.0,0.0,0.0,0,0,,
17,1,18,[38.18],1058.0,0.8056215057057516,0,14.21970335196957,1058.0,3174.0,3917.1,0,0,0,0,0,0.0,0.0,0.0,0,0,0,0.0,0.0,0.0,0,0,0,0.0,0.0,0.0,0.0,0.0,0.0,0.0,0,0,,
18,1,19,[26.82],7479.200000000001,0.1549415706690297,5,5.5383252104563585,7479.200000000001,22437.600000000002,14444.8,1,4,3,1,2,45.0,325.0,370.0,2,0,2,90.0,0.0,90.0,0,0,0,0.0,0.0,0.0,160.6387620450385,200.79845255629812,0.0,200.79845255629812,0,0,2.510798452556298,1.8
19,1,20,[27.83],4286.1,0.2838817991287459,0,7.911513941162915,4286.1,12858.300000000001,9113.3,0,0,0,0,0,0.0,0.0,0.0,0,0,0,0.0,0.0,0.0,0,0,0,0.0,0.0,0.0,0.0,0.0,0.0,0.0,0,0,,
20,2,1,[27.54],157.5,3.4060227631994944,0,12.883338602592476,157.5,472.5,1265.2,0,0,0,0,0,0.0,0.0,0.0,0,0,0,0.0,0.0,0.0,0,0,0,0.0,0.0,0.0,0.0,0.0,0.0,0.0,0,0,,
21,2,2,[31.18],15328.900000000001,1.790614353404069,67,7.755525067448172,15328.900000000001,45986.700000000004,36954.3,14,53,39,8,31,1680.0,4305.96,5985.96,56,13,43,2816.6,510.9,2305.7,0,0,0,0.0,0.0,0.0,152.5702450244191,189.3790091216593,152.5702450244191,190.71280628052392,0,0,2.7325394002970733,1.791044776119403
22,2,3,[32.33],4860.6,1.3598160305626645,0,11.656435955639626,2430.3,3645.4500000000003,10905.3,0,0,0,0,0,0.0,0.0,0.0,14,0,14,413.35,0.0,413.35,5,5,0,120.9,120.9,0.0,0.0,0.0,0.0,0.0,0,0,,
23,2,4,[31.47],5453.900000000001,0.8073584702975615,73,16.113438607798905,5453.900000000001,16361.7,9309.0,13,60,57,11,46,1174.5,6790.94,7965.44,29,3,26,991.3,46.0,945.3,0,0,0,0.0,0.0,0.0,383.3117061311306,479.13963266391295,168.21686083057668,210.2710760382208,0,0,3.135014299137265,1.821917808219178
24,2,5,[40.11],1742.0,0.3070257238383333,0,15.284190415538928,1742.0,5226.0,4396.7,0,0,0,0,0,0.0,0.0,0.0,4,0,4,223.0,0.0,223.0,0,0,0,0.0,0.0,0.0,0.0,0.0,0.0,0.0,0,0,,
25,2,6,[25.55],13590.5,0.9935132236728103,0,8.625861299382382,6795.25,10192.875,30811.3,0,0,0,0,0,0.0,0.0,0.0,26,0,26,1970.66,0.0,1970.66,4,4,0,226.0,226.0,0.0,0.0,0.0,0.0,0.0,0,0,,
26,2,7,[32.69],205.10000000000002,2.1971189362226053,0,21.115488795863087,205.10000000000002,615.3000000000001,1624.4,0,0,0,0,0,0.0,0.0,0.0,0,0,0,0.0,0.0,0.0,0,0,0,0.0,0.0,0.0,0.0,0.0,0.0,0.0,0,0,,
27,2,8,[31.28],1310.9,0.4445670540363461,61,16.8281664884996,1310.9,3932.7000000000003,2899.9,12,49,50,12,38,2888.6,6634.4,9523.0,11,0,11,265.8,0.0,265.8,0,0,0,0.0,0.0,0.0,591.3423191125405,739.177898890676,0.0,143.83214796460734,0,0,0.8838321479646073,1.8032786885245902
28,2,9,[37.02],10530.300000000001,1.5199655083211174,0,0.8415969647322583,10530.300000000001,31590.9,28992.5,0,0,0,0,0,0.0,0.0,0.0,2,2,0,50.0,50.0,0.0,0,0,0,0.0,0.0,0.0,0.0,0.0,0.0,0.0,0,0,,
29,2,10,[31.36],507.6,1.7495717576640613,0,12.640532398747762,507.6,1522.8000000000002,5078.9,0,0,0,0,0,0.0,0.0,0.0,0,0,0,0.0,0.0,0.0,0,0,0,0.0,0.0,0.0,0.0,0.0,0.0,0.0,0,0,,
30,2,11,[30.97],1550.2,0.13139122831239358,0,9.848589442680288,1550.2,4650.6,2172.9,0,0,0,0,0,0.0,0.0,0.0,0,0,0,0.0,0.0,0.0,0,0,0,0.0,0.0,0.0,0.0,0.0,0.0,0.0,0,0,,
31,2,12,[30.64],930.0,2.9440044411547,0,10.399703923019986,930.0,2790.0,2702.0,0,0,0,0,0,0.0,0.0,0.0,0,0,0,0.0,0.0,0.0,0,0,0,0.0,0.0,0.0,0.0,0.0,0.0,0.0,0,0,,
32,2,13,[27.57],824.6,4.213717305786613,0,13.78336986877271,824.6,2473.8,3330.1,0,0,0,0,0,0.0,0.0,0.0,0,0,0,0.0,0.0,0.0,0,0,0,0.0,0.0,0.0,0.0,0.0,0.0,0.0,0,0,,
33,2,14,[28.71],1819.8000000000002,0.30980166557089633,0,7.725180802103879,1819.8000000000002,5459.400000000001,3650.4,0,0,0,0,0,0.0,0.0,0.0,0,0,0,0.0,0.0,0.0,0,0,0,0.0,0.0,0.0,0.0,0.0,0.0,0.0,0,0,,
34,2,15,[29.93],998.8000000000001,0.16682016075016742,0,1.08841259209645,998.8000000000001,2996.4,2388.8,0,0,0,0,0,0.0,0.0,0.0,0,0,0,0.0,0.0,0.0,0,0,0,0.0,0.0,0.0,0.0,0.0,0.0,0.0,0,0,,
35,2,16,[27.17],7506.3,0.010584307178631052,0,5.242070116861435,7506.3,22518.9,11980.0,0,0,0,0,0,0.0,0.0,0.0,13,1,12,710.2,15.0,695.2,0,0,0,0.0,0.0,0.0,0.0,0.0,0.0,0.0,0,0,,
36,2,17,[32.1],2797.6000000000004,0.7537132141411128,0,4.0701515119227745,2797.6000000000004,8392.800000000001,9385.4,0,0,0,0,0,0.0,0.0,0.0,0,0,0,0.0,0.0,0.0,0,0,0,0.0,0.0,0.0,0.0,0.0,0.0,0.0,0,0,,
37,2,18,[38.18],1058.0,0.8056215057057516,52,14.21970335196957,1058.0,3174.0,3917.1,14,38,42,10,32,2021.0,4937.4,6958.4,10,4,6,177.15,43.0,134.15,0,0,0,0.0,0.0,0.0,474.3571268240913,592.9464085301141,176.29478752906755,220.36848441133444,0,0,3.6627390056584277,1.7307692307692308
38,2,19,[26.82],7479.200000000001,0.1549415706690297,0,5.5383252104563585,7479.200000000001,22437.600000000002,14444.8,0,0,0,0,0,0.0,0.0,0.0,2,0,2,90.0,0.0,90.0,0,0,0,0.0,0.0,0.0,0.0,0.0,0.0,0.0,0,0,,
39,2,20,[27.83],4286.1,0.2838817991287459,58,7.911513941162915,4286.1,12858.300000000001,9113.3,7,51,40,5,35,1227.0,5722.62,6949.62,18,2,16,795.6,42.0,753.6,0,0,0,0.0,0.0,0.0,211.35657721528196,264.1957215191025,119.49207548457576,149.3650943557197,0,0,3.3160458700367035,1.8793103448275863
40,3,1,[27.54],157.5,3.4060227631994944,0,12.883338602592476,157.5,472.5,1265.2,0,0,0,0,0,0.0,0.0,0.0,0,0,0,0.0,0.0,0.0,0,0,0,0.0,0.0,0.0,0.0,0.0,0.0,0.0,0,0,,
41,3,2,[31.18],15328.900000000001,1.790614353404069,35,7.755525067448172,15328.900000000001,45986.700000000004,36954.3,5,30,22,4,18,718.6,3614.1,4332.7,69,14,55,3629.05,560.9,3068.15,0,0,0,0.0,0.0,0.0,152.5702450244191,190.71280628052392,152.5702450244191,190.7128062805239,0,0,2.7377787631069768,1.8571428571428572
42,3,3,[32.33],4447.250000000001,1.3598160305626645,0,12.069785955639626,2223.6250000000005,3335.437500000001,11318.65,0,0,0,0,0,0.0,0.0,0.0,0,0,0,0.0,0.0,0.0,19,5,14,534.25,120.9,413.35,0.0,0.0,0.0,0.0,0,0,,
43,3,4,[31.47],6453.900000000001,0.8073584702975615,66,14.113438607798905,5453.900000000001,16361.7,9309.0,9,57,56,9,47,1217.0,7343.58,8560.58,39,3,36,1242.1,46.0,1196.1,0,0,0,0.0,0.0,0.0,383.3117061311306,479.13963266391295,0.0,210.27107603822083,0,0,3.140271076038221,1.8636363636363635
44,3,5,[40.11],1742.0,0.3070257238383333,0,15.284190415538928,1742.0,5226.0,4396.7,0,0,0,0,0,0.0,0.0,0.0,4,0,4,223.0,0.0,223.0,0,0,0,0.0,0.0,0.0,0.0,0.0,0.0,0.0,0,0,,
45,3,6,[25.55],11619.839999999998,0.9935132236728103,56,10.59652129938238,5809.919999999999,8714.88,32781.96000000001,7,49,41,6,35,774.7,6815.16,7589.86,15,1,14,473.0,11.0,462.0,30,4,26,2196.66,226.0,1970.66,353.0268156039569,441.2835195049461,113.90086294513995,142.37607868142499,0,0,0.17047773096567256,1.875
46,3,7,[32.69],1205.1,2.1971189362226053,0,19.115488795863087,205.10000000000002,615.3000000000001,1624.4,0,0,0,0,0,0.0,0.0,0.0,0,0,0,0.0,0.0,0.0,0,0,0,0.0,0.0,0.0,0.0,0.0,0.0,0.0,0,0,,
47,3,8,[31.28],2310.9,0.4445670540363461,0,14.828166488499601,1310.9,3932.7000000000003,2899.9,0,0,0,0,0,0.0,0.0,0.0,11,0,11,265.8,0.0,265.8,0,0,0,0.0,0.0,0.0,0.0,0.0,0.0,0.0,0,0,,
48,3,9,[37.02],10530.300000000001,1.5199655083211174,0,0.8415969647322583,10530.300000000001,31590.9,28992.5,0,0,0,0,0,0.0,0.0,0.0,2,2,0,50.0,50.0,0.0,0,0,0,0.0,0.0,0.0,0.0,0.0,0.0,0.0,0,0,,
49,3,10,[31.36],507.6,1.7495717576640613,0,12.640532398747762,507.6,1522.8000000000002,5078.9,0,0,0,0,0,0.0,0.0,0.0,0,0,0,0.0,0.0,0.0,0,0,0,0.0,0.0,0.0,0.0,0.0,0.0,0.0,0,0,,
50,3,11,[30.97],1550.2,0.13139122831239358,66,9.848589442680288,1550.2,4650.6,2172.9,14,52,55,14,41,2233.37,5503.5,7736.87,11,0,11,246.0,0.0,246.0,0,0,0,0.0,0.0,0.0,591.7001603124436,739.6252003905545,0.0,172.56183061725034,0,0,2.9425618306172505,1.7878787878787878
51,3,12,[30.64],930.0,2.9440044411547,0,10.399703923019986,930.0,2790.0,2702.0,0,0,0,0,0,0.0,0.0,0.0,0,0,0,0.0,0.0,0.0,0,0,0,0.0,0.0,0.0,0.0,0.0,0.0,0.0,0,0,,
52,3,13,[27.57],824.6,4.213717305786613,0,13.78336986877271,824.6,2473.8,3330.1,0,0,0,0,0,0.0,0.0,0.0,0,0,0,0.0,0.0,0.0,0,0,0,0.0,0.0,0.0,0.0,0.0,0.0,0.0,0,0,,
53,3,14,[28.71],1819.8000000000002,0.30980166557089633,67,7.725180802103879,1819.8000000000002,5459.400000000001,3650.4,13,54,56,13,43,1201.2,6525.21,7726.41,11,0,11,269.0,0.0,269.0,0,0,0,0.0,0.0,0.0,532.8204990430847,654.5497216367254,0.0,223.29801376135302,0,0,1.773298013761353,1.8059701492537314
54,3,15,[29.93],998.8000000000001,0.16682016075016742,0,1.08841259209645,998.8000000000001,2996.4,2388.8,0,0,0,0,0,0.0,0.0,0.0,0,0,0,0.0,0.0,0.0,0,0,0,0.0,0.0,0.0,0.0,0.0,0.0,0.0,0,0,,
55,3,16,[27.17],7491.3,0.010584307178631052,0,5.2720701168614355,3745.65,5618.475,11995.0,0,0,0,0,0,0.0,0.0,0.0,12,0,12,695.2,0.0,695.2,1,1,0,15.0,15.0,0.0,0.0,0.0,0.0,0.0,0,0,,
56,3,17,[32.1],2797.6000000000004,0.7537132141411128,21,4.0701515119227745,2797.6000000000004,8392.800000000001,9385.4,2,19,14,1,13,148.0,2342.0,2490.0,7,1,6,295.5,20.0,275.5,0,0,0,0.0,0.0,0.0,171.04518031353018,213.8064753919127,171.04518031353018,213.80647539191273,0,0,3.7976977189521435,1.9047619047619047
57,3,18,[38.18],1058.0,0.8056215057057516,0,14.21970335196957,1058.0,3174.0,3917.1,0,0,0,0,0,0.0,0.0,0.0,10,4,6,177.15,43.0,134.15,0,0,0,0.0,0.0,0.0,0.0,0.0,0.0,0.0,0,0,,
58,3,19,[26.82],7479.200000000001,0.1549415706690297,0,5.5383252104563585,7479.200000000001,22437.600000000002,14444.8,0,0,0,0,0,0.0,0.0,0.0,2,0,2,90.0,0.0,90.0,0,0,0,0.0,0.0,0.0,0.0,0.0,0.0,0.0,0,0,,
59,3,20,[27.83],4286.1,0.2838817991287459,0,7.911513941162915,4286.1,12858.300000000001,9113.3,0,0,0,0,0,0.0,0.0,0.0,18,2,16,795.6,42.0,753.6,0,0,0,0.0,0.0,0.0,0.0,0.0,0.0,0.0,0,0,,
60,4,1,[27.54],157.5,3.4060227631994944,0,12.883338602592476,157.5,472.5,1265.2,0,0,0,0,0,0.0,0.0,0.0,0,0,0,0.0,0.0,0.0,0,0,0,0.0,0.0,0.0,0.0,0.0,0.0,0.0,0,0,,
61,4,2,[31.18],15083.000000000002,1.790614353404069,69,8.24732506744817,7541.500000000001,11312.250000000002,37200.200000000004,7,62,40,5,35,702.36,6030.9,6733.26,91,9,82,4882.05,425.0,4457.05,7,7,0,245.9,245.9,0.0,152.5702450244191,190.71280628052392,152.5702450244191,190.71280628052392,0,0,2.7380822848145856,1.8985507246376812
62,4,3,[32.33],4447.250000000001,1.3598160305626645,0,12.069785955639626,2223.6250000000005,3335.437500000001,11318.65,0,0,0,0,0,0.0,0.0,0.0,0,0,0,0.0,0.0,0.0,19,5,14,534.25,120.9,413.35,0.0,0.0,0.0,0.0,0,0,,
63,4,4,[31.47],7453.900000000001,0.8073584702975615,46,12.113438607798905,5453.900000000001,16361.7,9309.0,6,40,37,4,33,864.0,4496.97,5360.97,48,5,43,1493.25,75.15,1418.1,0,0,0,0.0,0.0,0.0,383.3117061311306,479.13963266391323,168.21686083057668,210.27107603822083,0,0,3.1309256948809665,1.8695652173913044
64,4,5,[40.11],1519.0,0.3070257238383333,12,15.507190415538929,759.5,1139.25,4619.7,3,9,10,3,7,290.0,1690.7,1980.7,2,0,2,150.0,0.0,150.0,4,0,4,223.0,0.0,223.0,347.3156853292519,434.14460666156486,0.0,134.97099574911383,0,0,1.504970995749114,1.75
65,4,6,[25.55],11608.839999999998,0.9935132236728103,68,10.61852129938238,5804.419999999999,8706.63,32792.96000000001,14,54,55,11,44,2209.2,7239.69,9448.89,27,3,24,867.4,46.0,821.4,31,5,26,2207.66,237.0,1970.66,431.83790837281447,539.7973854660182,113.90086294513996,142.37607868142496,0,0,0.1658048750499746,1.7941176470588236
66,4,7,[32.69],2205.1,2.1971189362226053,25,17.115488795863087,205.10000000000002,615.3000000000001,1624.4,3,22,22,3,19,550.0,2456.46,3006.46,3,0,3,107.0,0.0,107.0,0,0,0,0.0,0.0,0.0,596.0667933858757,745.0834917323447,0.0,194.16450691970795,0,0,3.7641645069197076,1.88
67,4,8,[31.28],3045.1000000000004,0.4445670540363461,0,13.093966488499596,1522.5500000000002,2283.8250000000003,3165.7,0,0,0,0,0,0.0,0.0,0.0,0,0,0,0.0,0.0,0.0,11,0,11,265.8,0.0,265.8,0.0,0.0,0.0,0.0,0,0,,
68,4,9,[37.02],10530.300000000001,1.5199655083211174,0,0.8415969647322583,10530.300000000001,31590.9,28992.5,0,0,0,0,0,0.0,0.0,0.0,2,2,0,50.0,50.0,0.0,0,0,0,0.0,0.0,0.0,0.0,0.0,0.0,0.0,0,0,,
69,4,10,[31.36],507.6,1.7495717576640613,0,12.640532398747762,507.6,1522.8000000000002,5078.9,0,0,0,0,0,0.0,0.0,0.0,0,0,0,0.0,0.0,0.0,0,0,0,0.0,0.0,0.0,0.0,0.0,0.0,0.0,0,0,,
70,4,11,[30.97],1550.2,0.13139122831239358,0,9.848589442680288,1550.2,4650.6,2172.9,0,0,0,0,0,0.0,0.0,0.0,11,0,11,246.0,0.0,246.0,0,0,0,0.0,0.0,0.0,0.0,0.0,0.0,0.0,0,0,,
71,4,12,[30.64],930.0,2.9440044411547,0,10.399703923019986,930.0,2790.0,2702.0,0,0,0,0,0,0.0,0.0,0.0,0,0,0,0.0,0.0,0.0,0,0,0,0.0,0.0,0.0,0.0,0.0,0.0,0.0,0,0,,
72,4,13,[27.57],824.6,4.213717305786613,62,13.78336986877271,824.6,2473.8,3330.1,11,51,48,8,40,873.89,6038.15,6912.04,14,3,11,422.4,51.0,371.4,0,0,0,0.0,0.0,0.0,468.783145741801,585.9789321772512,156.00215360000414,195.0026920000051,0,0,1.8666454337714335,1.8225806451612903
73,4,14,[28.71],1819.8000000000002,0.30980166557089633,0,7.725180802103879,1819.8000000000002,5459.400000000001,3650.4,0,0,0,0,0,0.0,0.0,0.0,11,0,11,269.0,0.0,269.0,0,0,0,0.0,0.0,0.0,0.0,0.0,0.0,0.0,0,0,,
74,4,15,[29.93],998.8000000000001,0.16682016075016742,0,1.08841259209645,998.8000000000001,2996.4,2388.8,0,0,0,0,0,0.0,0.0,0.0,0,0,0,0.0,0.0,0.0,0,0,0,0.0,0.0,0.0,0.0,0.0,0.0,0.0,0,0,,
75,4,16,[27.17],6796.1,0.010584307178631052,17,5.9672701168614335,3398.05,5097.075000000001,12690.2,3,14,9,1,8,199.0,1381.0,1580.0,8,2,6,540.0,60.0,480.0,13,1,12,710.2,15.0,695.2,158.59456315023976,198.2432039377997,158.59456315023976,198.24320393779973,0,0,1.1783310437409096,1.8235294117647058
76,4,17,[32.1],2797.6000000000004,0.7537132141411128,0,4.0701515119227745,2797.6000000000004,8392.800000000001,9385.4,0,0,0,0,0,0.0,0.0,0.0,7,1,6,295.5,20.0,275.5,0,0,0,0.0,0.0,0.0,0.0,0.0,0.0,0.0,0,0,,
77,4,18,[38.18],1058.0,0.8056215057057516,0,14.21970335196957,1058.0,3174.0,3917.1,0,0,0,0,0,0.0,0.0,0.0,10,4,6,177.15,43.0,134.15,0,0,0,0.0,0.0,0.0,0.0,0.0,0.0,0.0,0,0,,
78,4,19,[26.82],7479.200000000001,0.1549415706690297,12,5.5383252104563585,7479.200000000001,22437.600000000002,14444.8,3,9,7,3,4,1010.0,964.0,1974.0,7,0,7,502.0,0.0,502.0,0,0,0,0.0,0.0,0.0,160.6387620450385,200.79845255629812,0.0,200.79845255629812,0,0,2.510798452556298,1.75
79,4,20,[27.83],4286.1,0.2838817991287459,0,7.911513941162915,4286.1,12858.300000000001,9113.3,0,0,0,0,0,0.0,0.0,0.0,18,2,16,795.6,42.0,753.6,0,0,0,0.0,0.0,0.0,0.0,0.0,0.0,0.0,0,0,,
80,5,1,[27.54],157.5,3.4060227631994944,0,12.883338602592476,157.5,472.5,1265.2,0,0,0,0,0,0.0,0.0,0.0,0,0,0,0.0,0.0,0.0,0,0,0,0.0,0.0,0.0,0.0,0.0,0.0,0.0,0,0,,
81,5,2,[31.18],13915.300000000001,1.790614353404069,71,9.680025067448163,6957.650000000001,10436.475,38367.9,9,62,47,6,41,690.96,6728.1,7419.06,88,6,82,4615.6,226.0,4389.6,34,13,21,1413.6,510.9,902.7,340.9859747490271,426.23246843628385,152.5702450244191,190.71280628052395,0,0,2.7359449861235103,1.8732394366197183
82,5,3,[32.33],4447.250000000001,1.3598160305626645,47,12.069785955639626,2223.6250000000005,3335.437500000001,11318.65,8,39,41,7,34,750.0,5637.6,6387.6,6,1,5,179.4,10.0,169.4,19,5,14,534.25,120.9,413.35,570.1789269587243,712.7236586984055,162.91601127354693,203.64501409193363,0,0,0.5268568469555359,1.8297872340425532
83,5,4,[31.47],7438.900000000001,0.8073584702975615,63,12.143438607798904,3719.4500000000003,5579.175,9324.0,11,52,51,11,40,1344.0,5426.15,6770.15,59,4,55,1907.85,60.15,1847.7,1,1,0,15.0,15.0,0.0,383.3117061311306,479.1396326639132,0.0,210.27107603822083,0,0,3.140271076038221,1.8253968253968254
84,5,5,[40.11],2519.0,0.3070257238383333,0,13.507190415538929,759.5,1139.25,4619.7,0,0,0,0,0,0.0,0.0,0.0,2,0,2,150.0,0.0,150.0,4,0,4,223.0,0.0,223.0,0.0,0.0,0.0,0.0,0,0,,
85,5,6,[25.55],11100.839999999998,0.9935132236728103,59,11.172521299382375,5550.419999999999,8325.63,33300.96000000001,8,51,41,5,36,778.79,5671.5,6450.29,28,3,25,1041.6,61.0,980.6,48,8,40,2715.66,283.0,2432.66,353.0268156039569,441.2835195049461,113.90086294513996,142.37607868142499,0,0,0.1676302093920441,1.8644067796610169
86,5,7,[32.69],3205.1,2.1971189362226053,0,15.115488795863087,205.10000000000002,615.3000000000001,1624.4,0,0,0,0,0,0.0,0.0,0.0,3,0,3,107.0,0.0,107.0,0,0,0,0.0,0.0,0.0,0.0,0.0,0.0,0.0,0,0,,
87,5,8,[31.28],4045.1000000000004,0.4445670540363461,0,11.093966488499596,1522.5500000000002,2283.8250000000003,3165.7,0,0,0,0,0,0.0,0.0,0.0,0,0,0,0.0,0.0,0.0,11,0,11,265.8,0.0,265.8,0.0,0.0,0.0,0.0,0,0,,
88,5,9,[37.02],10480.300000000001,1.5199655083211174,0,0.9415969647322584,5240.150000000001,7860.225,29042.5,0,0,0,0,0,0.0,0.0,0.0,0,0,0,0.0,0.0,0.0,2,2,0,50.0,50.0,0.0,0.0,0.0,0.0,0.0,0,0,,
89,5,10,[31.36],507.6,1.7495717576640613,0,12.640532398747762,507.6,1522.8000000000002,5078.9,0,0,0,0,0,0.0,0.0,0.0,0,0,0,0.0,0.0,0.0,0,0,0,0.0,0.0,0.0,0.0,0.0,0.0,0.0,0,0,,
90,5,11,[30.97],1550.2,0.13139122831239358,0,9.848589442680288,1550.2,4650.6,2172.9,0,0,0,0,0,0.0,0.0,0.0,11,0,11,246.0,0.0,246.0,0,0,0,0.0,0.0,0.0,0.0,0.0,0.0,0.0,0,0,,
91,5,12,[30.64],930.0,2.9440044411547,0,10.399703923019986,930.0,2790.0,2702.0,0,0,0,0,0,0.0,0.0,0.0,0,0,0,0.0,0.0,0.0,0,0,0,0.0,0.0,0.0,0.0,0.0,0.0,0.0,0,0,,
92,5,13,[27.57],824.6,4.213717305786613,0,13.78336986877271,824.6,2473.8,3330.1,0,0,0,0,0,0.0,0.0,0.0,14,3,11,422.4,51.0,371.4,0,0,0,0.0,0.0,0.0,0.0,0.0,0.0,0.0,0,0,,
93,5,14,[28.71],1819.8000000000002,0.30980166557089633,0,7.725180802103879,1819.8000000000002,5459.400000000001,3650.4,0,0,0,0,0,0.0,0.0,0.0,11,0,11,269.0,0.0,269.0,0,0,0,0.0,0.0,0.0,0.0,0.0,0.0,0.0,0,0,,
94,5,15,[29.93],998.8000000000001,0.16682016075016742,0,1.08841259209645,998.8000000000001,2996.4,2388.8,0,0,0,0,0,0.0,0.0,0.0,0,0,0,0.0,0.0,0.0,0,0,0,0.0,0.0,0.0,0.0,0.0,0.0,0.0,0,0,,
95,5,16,[27.17],6796.1,0.010584307178631052,54,5.9672701168614335,3398.05,5097.075000000001,12690.2,9,45,48,8,40,1527.0,7233.85,8760.85,14,3,11,735.0,80.0,655.0,13,1,12,710.2,15.0,695.2,617.8675272227288,756.5854507697362,158.59456315023976,198.2432039377997,0,0,1.181635097139873,1.8333333333333333
96,5,17,[32.1],2797.6000000000004,0.7537132141411128,0,4.0701515119227745,2797.6000000000004,8392.800000000001,9385.4,0,0,0,0,0,0.0,0.0,0.0,7,1,6,295.5,20.0,275.5,0,0,0,0.0,0.0,0.0,0.0,0.0,0.0,0.0,0,0,,
97,5,18,[38.18],1058.0,0.8056215057057516,5,14.21970335196957,1058.0,3174.0,3917.1,0,5,4,0,4,0.0,1265.0,1265.0,11,4,7,197.15,43.0,154.15,0,0,0,0.0,0.0,0.0,0.0,297.3664060107954,0.0,220.3684844113344,0,0,3.6803684844113342,2.0
98,5,19,[26.82],7389.200000000001,0.1549415706690297,12,5.628325210456358,3694.6000000000004,5541.900000000001,14534.8,1,11,5,1,4,150.0,644.77,794.77,12,0,12,940.0,0.0,940.0,2,0,2,90.0,0.0,90.0,160.6387620450385,200.79845255629812,0.0,200.79845255629812,0,0,2.510798452556298,1.9166666666666667
99,5,20,[27.83],4286.1,0.2838817991287459,0,7.911513941162915,4286.1,12858.300000000001,9113.3,0,0,0,0,0,0.0,0.0,0.0,18,2,16,795.6,42.0,753.6,0,0,0,0.0,0.0,0.0,0.0,0.0,0.0,0.0,0,0,,
100,6,1,[27.54],157.5,3.4060227631994944,0,12.883338602592476,157.5,472.5,1265.2,0,0,0,0,0,0.0,0.0,0.0,0,0,0,0.0,0.0,0.0,0,0,0,0.0,0.0,0.0,0.0,0.0,0.0,0.0,0,0,,
101,6,2,[31.18],12462.300000000001,1.790614353404069,55,11.18302506744816,6231.150000000001,9346.725,39820.9,16,39,42,13,29,1708.0,5674.69,7382.69,78,8,70,3694.2,224.4,3469.8,57,14,43,2866.6,560.9,2305.7,340.98597474902715,426.2324684362837,152.5702450244191,190.7128062805239,0,0,2.731910676759884,1.709090909090909
102,6,3,[32.33],4437.250000000001,1.3598160305626645,64,12.089785955639625,2218.6250000000005,3327.937500000001,11328.65,6,58,56,4,52,320.0,7319.4,7639.4,13,2,11,382.6,33.0,349.6,20,6,14,544.25,130.9,413.35,570.1789269587243,712.7236586984055,162.91601127354693,203.64501409193363,0,0,0.523462763387337,1.90625
103,6,4,[31.47],6925.800000000001,0.8073584702975615,70,12.6875386077989,3462.9000000000005,5194.35,9837.1,15,55,61,14,47,1119.99,7666.31,8786.3,54,3,51,1667.75,40.15,1627.6,15,3,12,528.1,46.0,482.1,565.6415165220768,707.0518956525959,168.21686083057668,210.27107603822083,0,0,3.1355983854595935,1.7857142857142858
104,6,5,[40.11],3519.0,0.3070257238383333,0,11.507190415538929,759.5,1139.25,4619.7,0,0,0,0,0,0.0,0.0,0.0,2,0,2,150.0,0.0,150.0,4,0,4,223.0,0.0,223.0,0.0,0.0,0.0,0.0,0,0,,
105,6,6,[25.55],10680.439999999997,0.9935132236728103,54,11.65392129938237,5340.219999999998,8010.329999999998,33721.36,7,47,27,6,21,710.8,2966.7,3677.5,42,1,41,2467.25,46.8,2420.45,61,11,50,3136.06,344.0,2792.06,113.90086294513993,145.29364703430633,113.90086294513995,142.37607868142493,0,0,0.17132144106156252,1.8703703703703705
106,6,7,[32.69],4205.1,2.1971189362226053,0,13.115488795863087,205.10000000000002,615.3000000000001,1624.4,0,0,0,0,0,0.0,0.0,0.0,3,0,3,107.0,0.0,107.0,0,0,0,0.0,0.0,0.0,0.0,0.0,0.0,0.0,0,0,,
107,6,8,[31.28],4045.1000000000004,0.4445670540363461,0,11.093966488499596,1522.5500000000002,2283.8250000000003,3165.7,0,0,0,0,0,0.0,0.0,0.0,0,0,0,0.0,0.0,0.0,11,0,11,265.8,0.0,265.8,0.0,0.0,0.0,0.0,0,0,,
108,6,9,[37.02],10480.300000000001,1.5199655083211174,0,0.9415969647322584,5240.150000000001,7860.225,29042.5,0,0,0,0,0,0.0,0.0,0.0,0,0,0,0.0,0.0,0.0,2,2,0,50.0,50.0,0.0,0.0,0.0,0.0,0.0,0,0,,
109,6,10,[31.36],507.6,1.7495717576640613,0,12.640532398747762,507.6,1522.8000000000002,5078.9,0,0,0,0,0,0.0,0.0,0.0,0,0,0,0.0,0.0,0.0,0,0,0,0.0,0.0,0.0,0.0,0.0,0.0,0.0,0,0,,
110,6,11,[30.97],1550.2,0.13139122831239358,0,9.848589442680288,1550.2,4650.6,2172.9,0,0,0,0,0,0.0,0.0,0.0,11,0,11,246.0,0.0,246.0,0,0,0,0.0,0.0,0.0,0.0,0.0,0.0,0.0,0,0,,
111,6,12,[30.64],930.0,2.9440044411547,0,10.399703923019986,930.0,2790.0,2702.0,0,0,0,0,0,0.0,0.0,0.0,0,0,0,0.0,0.0,0.0,0,0,0,0.0,0.0,0.0,0.0,0.0,0.0,0.0,0,0,,
112,6,13,[27.57],773.6,4.213717305786613,0,13.885369868772708,386.8,580.2,3381.1,0,0,0,0,0,0.0,0.0,0.0,11,0,11,371.4,0.0,371.4,3,3,0,51.0,51.0,0.0,0.0,0.0,0.0,0.0,0,0,,
113,6,14,[28.71],1550.8000000000002,0.30980166557089633,0,7.994180802103879,775.4000000000001,1163.1000000000001,3919.4,0,0,0,0,0,0.0,0.0,0.0,0,0,0,0.0,0.0,0.0,11,0,11,269.0,0.0,269.0,0.0,0.0,0.0,0.0,0,0,,
114,6,15,[29.93],998.8000000000001,0.16682016075016742,0,1.08841259209645,998.8000000000001,2996.4,2388.8,0,0,0,0,0,0.0,0.0,0.0,0,0,0,0.0,0.0,0.0,0,0,0,0.0,0.0,0.0,0.0,0.0,0.0,0.0,0,0,,
115,6,16,[27.17],6736.1,0.010584307178631052,68,6.087270116861434,3368.05,5052.075000000001,12750.2,9,59,52,8,44,1074.0,9016.23,10090.23,28,2,26,1018.2,31.0,987.2,15,3,12,770.2,75.0,695.2,617.8675272227288,772.334409028411,158.59456315023976,198.24320393779965,0,0,1.1857651638885773,1.8676470588235294
116,6,17,[32.1],2797.6000000000004,0.7537132141411128,0,4.0701515119227745,2797.6000000000004,8392.800000000001,9385.4,0,0,0,0,0,0.0,0.0,0.0,7,1,6,295.5,20.0,275.5,0,0,0,0.0,0.0,0.0,0.0,0.0,0.0,0.0,0,0,,
117,6,18,[38.18],2015.0,0.8056215057057516,0,12.305703351969571,1007.5,1511.25,3960.1,0,0,0,0,0,0.0,0.0,0.0,7,0,7,154.15,0.0,154.15,4,4,0,43.0,43.0,0.0,0.0,0.0,0.0,0.0,0,0,,
118,6,19,[26.82],7389.200000000001,0.1549415706690297,0,5.628325210456358,3694.6000000000004,5541.900000000001,14534.8,0,0,0,0,0,0.0,0.0,0.0,12,0,12,940.0,0.0,940.0,2,0,2,90.0,0.0,90.0,0.0,0.0,0.0,0.0,0,0,,
119,6,20,[27.83],4244.1,0.2838817991287459,0,7.995513941162915,2122.05,3183.0750000000003,9155.3,0,0,0,0,0,0.0,0.0,0.0,16,0,16,753.6,0.0,753.6,2,2,0,42.0,42.0,0.0,0.0,0.0,0.0,0.0,0,0,,
120,7,1,[27.54],157.5,3.4060227631994944,0,12.883338602592476,157.5,472.5,1265.2,0,0,0,0,0,0.0,0.0,0.0,0,0,0,0.0,0.0,0.0,0,0,0,0.0,0.0,0.0,0.0,0.0,0.0,0.0,0,0,,
121,7,2,[31.18],11589.85,1.790614353404069,62,12.165475067448162,5794.925,8692.3875,40693.35,15,47,50,11,39,1653.5,5094.06,6747.56,76,10,66,3300.35,200.4,3099.95,71,16,55,3739.05,670.9,3068.15,340.98597474902715,426.2324684362837,152.5702450244191,190.7128062805239,0,0,2.727998619195155,1.7580645161290323
122,7,3,[32.33],4234.850000000001,1.3598160305626645,52,12.325185955639625,2117.4250000000006,3176.1375000000007,11531.05,10,42,44,9,35,1005.0,4531.7,5536.7,14,1,13,361.55,20.0,341.55,27,8,19,746.65,163.9,582.75,570.1789269587243,696.4280135550632,162.91601127354693,203.64501409193366,0,0,0.5285538887396353,1.8076923076923077
123,7,4,[31.47],6462.600000000001,0.8073584702975615,60,13.150738607798896,3231.3000000000006,4846.950000000001,10300.300000000001,10,50,46,7,39,768.6,5265.44,6034.04,54,6,48,1477.95,91.15,1386.8,29,3,26,991.3,46.0,945.3,565.6415165220768,707.0518956525959,168.21686083057668,210.27107603822085,0,0,3.1312594584937252,1.8333333333333333
124,7,5,[40.11],3369.0,0.3070257238383333,0,11.65719041553893,1684.5,2526.75,4769.7,0,0,0,0,0,0.0,0.0,0.0,0,0,0,0.0,0.0,0.0,6,0,6,373.0,0.0,373.0,0.0,0.0,0.0,0.0,0,0,,
125,7,6,[25.55],10012.439999999997,0.9935132236728103,74,12.368721299382367,5006.219999999998,7509.329999999998,34389.36,11,63,59,10,49,2781.0,9345.66,12126.66,41,1,40,2269.25,26.0,2243.25,77,12,65,3804.06,390.8,3413.26,431.83790837281447,539.7973854660181,113.90086294513995,142.37607868142499,0,0,0.17047773096567256,1.8513513513513513
126,7,7,[32.69],5205.1,2.1971189362226053,0,11.115488795863087,205.10000000000002,615.3000000000001,1624.4,0,0,0,0,0,0.0,0.0,0.0,3,0,3,107.0,0.0,107.0,0,0,0,0.0,0.0,0.0,0.0,0.0,0.0,0.0,0,0,,
127,7,8,[31.28],4045.1000000000004,0.4445670540363461,0,11.093966488499596,1522.5500000000002,2283.8250000000003,3165.7,0,0,0,0,0,0.0,0.0,0.0,0,0,0,0.0,0.0,0.0,11,0,11,265.8,0.0,265.8,0.0,0.0,0.0,0.0,0,0,,
128,7,9,[37.02],10480.300000000001,1.5199655083211174,0,0.9415969647322584,5240.150000000001,7860.225,29042.5,0,0,0,0,0,0.0,0.0,0.0,0,0,0,0.0,0.0,0.0,2,2,0,50.0,50.0,0.0,0.0,0.0,0.0,0.0,0,0,,
129,7,10,[31.36],507.6,1.7495717576640613,15,12.640532398747762,507.6,1522.8000000000002,5078.9,0,15,14,0,14,0.0,2713.2,2713.2,1,0,1,11.0,0.0,11.0,0,0,0,0.0,0.0,0.0,0.0,754.3790858454305,0.0,184.4304183330334,0,0,0.5344304183330334,2.0
130,7,11,[30.97],1304.2,0.13139122831239358,0,10.094589442680284,652.1,978.1500000000001,2418.9,0,0,0,0,0,0.0,0.0,0.0,0,0,0,0.0,0.0,0.0,11,0,11,246.0,0.0,246.0,0.0,0.0,0.0,0.0,0,0,,
131,7,12,[30.64],930.0,2.9440044411547,0,10.399703923019986,930.0,2790.0,2702.0,0,0,0,0,0,0.0,0.0,0.0,0,0,0,0.0,0.0,0.0,0,0,0,0.0,0.0,0.0,0.0,0.0,0.0,0.0,0,0,,
132,7,13,[27.57],1402.1999999999998,4.213717305786613,0,12.256769868772702,701.0999999999999,1051.6499999999999,3752.5,0,0,0,0,0,0.0,0.0,0.0,0,0,0,0.0,0.0,0.0,14,3,11,422.4,51.0,371.4,0.0,0.0,0.0,0.0,0,0,,
133,7,14,[28.71],1550.8000000000002,0.30980166557089633,0,7.994180802103879,775.4000000000001,1163.1000000000001,3919.4,0,0,0,0,0,0.0,0.0,0.0,0,0,0,0.0,0.0,0.0,11,0,11,269.0,0.0,269.0,0.0,0.0,0.0,0.0,0,0,,
134,7,15,[29.93],998.8000000000001,0.16682016075016742,0,1.08841259209645,998.8000000000001,2996.4,2388.8,0,0,0,0,0,0.0,0.0,0.0,0,0,0,0.0,0.0,0.0,0,0,0,0.0,0.0,0.0,0.0,0.0,0.0,0.0,0,0,,
135,7,16,[27.17],6236.1,0.010584307178631052,48,6.607270116861433,3118.05,4677.075000000001,13250.2,13,35,42,13,29,2034.3,3973.16,6007.46,27,1,26,721.4,11.0,710.4,22,4,18,1270.2,95.0,1175.2,617.8675272227285,772.3344090284111,0.0,198.24320393779973,0,0,1.1882432039377997,1.7291666666666667
136,7,17,[32.1],2777.6000000000004,0.7537132141411128,0,4.1101515119227745,1388.8000000000002,2083.2000000000003,9405.4,0,0,0,0,0,0.0,0.0,0.0,6,0,6,275.5,0.0,275.5,1,1,0,20.0,20.0,0.0,0.0,0.0,0.0,0.0,0,0,,
137,7,18,[38.18],2880.85,0.8056215057057516,0,10.43985335196957,1440.425,2160.6375,4094.25,0,0,0,0,0,0.0,0.0,0.0,1,0,1,20.0,0.0,20.0,10,4,6,177.15,43.0,134.15,0.0,0.0,0.0,0.0,0,0,,
138,7,19,[26.82],7389.200000000001,0.1549415706690297,0,5.628325210456358,3694.6000000000004,5541.900000000001,14534.8,0,0,0,0,0,0.0,0.0,0.0,12,0,12,940.0,0.0,940.0,2,0,2,90.0,0.0,90.0,0.0,0.0,0.0,0.0,0,0,,
139,7,20,[27.83],3490.5000000000005,0.2838817991287459,0,8.749113941162914,1745.2500000000002,2617.8750000000005,9908.9,0,0,0,0,0,0.0,0.0,0.0,0,0,0,0.0,0.0,0.0,18,2,16,795.6,42.0,753.6,0.0,0.0,0.0,0.0,0,0,,
140,8,1,[27.54],1157.5,3.4060227631994944,0,10.883338602592476,157.5,472.5,1265.2,0,0,0,0,0,0.0,0.0,0.0,0,0,0,0.0,0.0,0.0,0,0,0,0.0,0.0,0.0,0.0,0.0,0.0,0.0,0,0,,
141,8,2,[31.18],10134.95,1.790614353404069,62,13.68637506744816,5067.475,7601.212500000001,42148.25,11,51,55,11,44,1833.5,6792.4,8625.9,53,7,46,2106.85,134.4,1972.45,101,19,82,5193.95,736.9,4457.05,630.5360659176168,788.1700823970212,0.0,190.7128062805239,0,0,2.7407128062805235,1.8225806451612903
142,8,3,[32.33],4034.6500000000015,1.3598160305626645,68,12.545385955639622,2017.3250000000007,3025.987500000001,11731.25,4,64,52,4,48,499.9,6954.32,7454.22,23,0,23,642.5,0.0,642.5,34,9,25,946.85,183.9,762.95,570.1789269587243,712.7236586984054,0.0,203.64501409193363,0,0,0.5336450140919337,1.9411764705882353
143,8,4,[31.47],6182.650000000002,0.8073584702975615,57,13.459838607798893,3091.325000000001,4636.987500000002,10580.250000000002,6,51,45,5,40,576.0,6722.25,7298.25,54,5,49,1531.4,73.0,1458.4,41,5,36,1271.25,75.15,1196.1,565.6415165220768,707.0518956525959,168.21686083057668,210.27107603822085,0,0,3.1367665581042505,1.894736842105263
144,8,5,[40.11],3369.0,0.3070257238383333,0,11.65719041553893,1684.5,2526.75,4769.7,0,0,0,0,0,0.0,0.0,0.0,0,0,0,0.0,0.0,0.0,6,0,6,373.0,0.0,373.0,0.0,0.0,0.0,0.0,0,0,,
145,8,6,[25.55],8187.189999999997,0.9935132236728103,54,14.219971299382363,4093.5949999999984,6140.392499999998,36214.61,10,44,44,9,35,1025.0,6345.76,7370.76,24,1,23,842.7,20.0,822.7,104,13,91,5629.31,416.8,5212.51,431.8379083728145,539.7973854660182,113.90086294513995,142.37607868142493,0,0,0.16952855710779646,1.8148148148148149
146,8,7,[32.69],6205.1,2.1971189362226053,0,9.115488795863087,205.10000000000002,615.3000000000001,1624.4,0,0,0,0,0,0.0,0.0,0.0,3,0,3,107.0,0.0,107.0,0,0,0,0.0,0.0,0.0,0.0,0.0,0.0,0.0,0,0,,
147,8,8,[31.28],4045.1000000000004,0.4445670540363461,0,11.093966488499596,1522.5500000000002,2283.8250000000003,3165.7,0,0,0,0,0,0.0,0.0,0.0,0,0,0,0.0,0.0,0.0,11,0,11,265.8,0.0,265.8,0.0,0.0,0.0,0.0,0,0,,
148,8,9,[37.02],10480.300000000001,1.5199655083211174,0,0.9415969647322584,5240.150000000001,7860.225,29042.5,0,0,0,0,0,0.0,0.0,0.0,0,0,0,0.0,0.0,0.0,2,2,0,50.0,50.0,0.0,0.0,0.0,0.0,0.0,0,0,,
149,8,10,[31.36],507.6,1.7495717576640613,0,12.640532398747762,507.6,1522.8000000000002,5078.9,0,0,0,0,0,0.0,0.0,0.0,1,0,1,11.0,0.0,11.0,0,0,0,0.0,0.0,0.0,0.0,0.0,0.0,0.0,0,0,,
150,8,11,[30.97],1304.2,0.13139122831239358,0,10.094589442680284,652.1,978.1500000000001,2418.9,0,0,0,0,0,0.0,0.0,0.0,0,0,0,0.0,0.0,0.0,11,0,11,246.0,0.0,246.0,0.0,0.0,0.0,0.0,0,0,,
151,8,12,[30.64],930.0,2.9440044411547,0,10.399703923019986,930.0,2790.0,2702.0,0,0,0,0,0,0.0,0.0,0.0,0,0,0,0.0,0.0,0.0,0,0,0,0.0,0.0,0.0,0.0,0.0,0.0,0.0,0,0,,
152,8,13,[27.57],2402.2,4.213717305786613,0,10.256769868772702,701.0999999999999,1051.6499999999999,3752.5,0,0,0,0,0,0.0,0.0,0.0,0,0,0,0.0,0.0,0.0,14,3,11,422.4,51.0,371.4,0.0,0.0,0.0,0.0,0,0,,
153,8,14,[28.71],1550.8000000000002,0.30980166557089633,0,7.994180802103879,775.4000000000001,1163.1000000000001,3919.4,0,0,0,0,0,0.0,0.0,0.0,0,0,0,0.0,0.0,0.0,11,0,11,269.0,0.0,269.0,0.0,0.0,0.0,0.0,0,0,,
154,8,15,[29.93],998.8000000000001,0.16682016075016742,0,1.08841259209645,998.8000000000001,2996.4,2388.8,0,0,0,0,0,0.0,0.0,0.0,0,0,0,0.0,0.0,0.0,0,0,0,0.0,0.0,0.0,0.0,0.0,0.0,0.0,0,0,,
155,8,16,[27.17],6050.1,0.010584307178631052,70,6.804270116861432,3025.05,4537.575000000001,13436.2,7,63,59,5,54,426.0,7897.19,8323.19,32,2,30,771.6,31.0,740.6,28,5,23,1456.2,106.0,1350.2,617.8675272227288,761.8031239369944,158.59456315023976,198.2432039377997,0,0,1.1810343601582434,1.9
156,8,17,[32.1],2502.1000000000004,0.7537132141411128,0,4.385651511922774,1251.0500000000002,1876.5750000000003,9680.9,0,0,0,0,0,0.0,0.0,0.0,0,0,0,0.0,0.0,0.0,7,1,6,295.5,20.0,275.5,0.0,0.0,0.0,0.0,0,0,,
157,8,18,[38.18],2880.85,0.8056215057057516,0,10.43985335196957,1440.425,2160.6375,4094.25,0,0,0,0,0,0.0,0.0,0.0,1,0,1,20.0,0.0,20.0,10,4,6,177.15,43.0,134.15,0.0,0.0,0.0,0.0,0,0,,
158,8,19,[26.82],6977.200000000001,0.1549415706690297,0,6.040325210456359,3488.6000000000004,5232.900000000001,14946.8,0,0,0,0,0,0.0,0.0,0.0,7,0,7,528.0,0.0,528.0,7,0,7,502.0,0.0,502.0,0.0,0.0,0.0,0.0,0,0,,
159,8,20,[27.83],3490.5000000000005,0.2838817991287459,0,8.749113941162914,1745.2500000000002,2617.8750000000005,9908.9,0,0,0,0,0,0.0,0.0,0.0,0,0,0,0.0,0.0,0.0,18,2,16,795.6,42.0,753.6,0.0,0.0,0.0,0.0,0,0,,
160,9,1,[27.54],2157.5,3.4060227631994944,0,8.883338602592476,157.5,472.5,1265.2,0,0,0,0,0,0.0,0.0,0.0,0,0,0,0.0,0.0,0.0,0,0,0,0.0,0.0,0.0,0.0,0.0,0.0,0.0,0,0,,
161,9,2,[31.18],9251.300000000001,1.790614353404069,61,14.618425067448154,4625.650000000001,6938.475,43031.9,12,49,43,10,33,2015.97,4246.99,6262.96,47,6,41,1844.1,121.0,1723.1,125,22,103,6077.6,785.3,5292.3,340.98597474902715,426.23246843628385,152.5702450244191,190.7128062805239,0,0,2.736474743918734,1.8032786885245902
162,9,3,[32.33],3873.3000000000015,1.3598160305626645,62,12.706735955639619,1936.6500000000008,2904.9750000000013,11892.6,7,55,53,7,46,1457.1,7180.4,8637.5,25,0,25,742.15,0.0,742.15,41,9,32,1108.2,183.9,924.3,570.1789269587243,712.7236586984056,0.0,203.64501409193363,0,0,0.5336450140919337,1.8870967741935485
163,9,4,[31.47],6960.650000000002,0.8073584702975615,73,11.681838607798895,3480.325000000001,5220.487500000002,10802.250000000002,14,59,61,12,49,1866.0,9263.41,11129.41,59,7,52,1643.4,104.0,1539.4,48,5,43,1493.25,75.15,1418.1,565.6415165220768,696.5143632164311,168.21686083057668,210.27107603822083,0,0,3.1332620401702798,1.8082191780821917
164,9,5,[40.11],3369.0,0.3070257238383333,0,11.65719041553893,1684.5,2526.75,4769.7,0,0,0,0,0,0.0,0.0,0.0,0,0,0,0.0,0.0,0.0,6,0,6,373.0,0.0,373.0,0.0,0.0,0.0,0.0,0,0,,
165,9,6,[25.55],7723.189999999997,0.9935132236728103,63,14.703971299382362,3861.5949999999984,5792.392499999998,36678.61,11,52,48,9,39,1344.4,4819.1,6163.5,24,2,22,1022.7,28.4,994.3,119,14,105,6093.31,436.8,5656.51,431.8379083728145,539.7973854660183,113.90086294513995,142.37607868142499,0,0,0.16857938324992025,1.8253968253968254
166,9,7,[32.69],6098.1,2.1971189362226053,0,9.222488795863086,3049.05,4573.575000000001,1731.4,0,0,0,0,0,0.0,0.0,0.0,0,0,0,0.0,0.0,0.0,3,0,3,107.0,0.0,107.0,0.0,0.0,0.0,0.0,0,0,,
167,9,8,[31.28],4045.1000000000004,0.4445670540363461,0,11.093966488499596,1522.5500000000002,2283.8250000000003,3165.7,0,0,0,0,0,0.0,0.0,0.0,0,0,0,0.0,0.0,0.0,11,0,11,265.8,0.0,265.8,0.0,0.0,0.0,0.0,0,0,,
168,9,9,[37.02],10480.300000000001,1.5199655083211174,0,0.9415969647322584,5240.150000000001,7860.225,29042.5,0,0,0,0,0,0.0,0.0,0.0,0,0,0,0.0,0.0,0.0,2,2,0,50.0,50.0,0.0,0.0,0.0,0.0,0.0,0,0,,
169,9,10,[31.36],1496.6,1.7495717576640613,0,10.651532398747761,748.3,1122.4499999999998,5089.9,0,0,0,0,0,0.0,0.0,0.0,0,0,0,0.0,0.0,0.0,1,0,1,11.0,0.0,11.0,0.0,0.0,0.0,0.0,0,0,,
170,9,11,[30.97],1304.2,0.13139122831239358,0,10.094589442680284,652.1,978.1500000000001,2418.9,0,0,0,0,0,0.0,0.0,0.0,0,0,0,0.0,0.0,0.0,11,0,11,246.0,0.0,246.0,0.0,0.0,0.0,0.0,0,0,,
171,9,12,[30.64],930.0,2.9440044411547,0,10.399703923019986,930.0,2790.0,2702.0,0,0,0,0,0,0.0,0.0,0.0,0,0,0,0.0,0.0,0.0,0,0,0,0.0,0.0,0.0,0.0,0.0,0.0,0.0,0,0,,
172,9,13,[27.57],2402.2,4.213717305786613,0,10.256769868772702,701.0999999999999,1051.6499999999999,3752.5,0,0,0,0,0,0.0,0.0,0.0,0,0,0,0.0,0.0,0.0,14,3,11,422.4,51.0,371.4,0.0,0.0,0.0,0.0,0,0,,
173,9,14,[28.71],1550.8000000000002,0.30980166557089633,0,7.994180802103879,775.4000000000001,1163.1000000000001,3919.4,0,0,0,0,0,0.0,0.0,0.0,0,0,0,0.0,0.0,0.0,11,0,11,269.0,0.0,269.0,0.0,0.0,0.0,0.0,0,0,,
174,9,15,[29.93],998.8000000000001,0.16682016075016742,0,1.08841259209645,998.8000000000001,2996.4,2388.8,0,0,0,0,0,0.0,0.0,0.0,0,0,0,0.0,0.0,0.0,0,0,0,0.0,0.0,0.0,0.0,0.0,0.0,0.0,0,0,,
175,9,16,[27.17],5717.900000000001,0.010584307178631052,52,7.13647011686143,2858.9500000000003,4288.425,13768.400000000001,13,39,43,11,32,1958.15,4555.55,6513.7,26,4,22,655.6,53.0,602.6,43,5,38,1788.4,106.0,1682.4,617.8675272227287,772.334409028411,158.59456315023976,198.24320393779973,0,0,1.1794323948738974,1.75
176,9,17,[32.1],2502.1000000000004,0.7537132141411128,0,4.385651511922774,1251.0500000000002,1876.5750000000003,9680.9,0,0,0,0,0,0.0,0.0,0.0,0,0,0,0.0,0.0,0.0,7,1,6,295.5,20.0,275.5,0.0,0.0,0.0,0.0,0,0,,
177,9,18,[38.18],2880.85,0.8056215057057516,0,10.43985335196957,1440.425,2160.6375,4094.25,0,0,0,0,0,0.0,0.0,0.0,1,0,1,20.0,0.0,20.0,10,4,6,177.15,43.0,134.15,0.0,0.0,0.0,0.0,0,0,,
178,9,19,[26.82],6449.200000000001,0.1549415706690297,0,6.568325210456358,3224.6000000000004,4836.900000000001,15474.8,0,0,0,0,0,0.0,0.0,0.0,0,0,0,0.0,0.0,0.0,14,0,14,1030.0,0.0,1030.0,0.0,0.0,0.0,0.0,0,0,,
179,9,20,[27.83],3490.5000000000005,0.2838817991287459,0,8.749113941162914,1745.2500000000002,2617.8750000000005,9908.9,0,0,0,0,0,0.0,0.0,0.0,0,0,0,0.0,0.0,0.0,18,2,16,795.6,42.0,753.6,0.0,0.0,0.0,0.0,0,0,,
180,10,1,[27.54],2157.5,3.4060227631994944,0,8.883338602592476,157.5,472.5,1265.2,0,0,0,0,0,0.0,0.0,0.0,0,0,0,0.0,0.0,0.0,0,0,0,0.0,0.0,0.0,0.0,0.0,0.0,0.0,0,0,,
181,10,2,[31.18],9682.1,1.790614353404069,70,13.273625067448153,4841.05,7261.575000000001,43601.1,12,58,54,9,45,1495.4,7472.85,8968.25,49,5,44,1654.3,77.0,1577.3,139,26,113,6646.8,871.3,5775.5,630.536065917617,774.9232711360513,152.5702450244191,190.71280628052392,0,0,2.733561076045004,1.8285714285714285
182,10,3,[32.33],3392.1500000000015,1.3598160305626645,64,13.187885955639619,1696.0750000000007,2544.112500000001,12373.75,10,54,53,9,44,1454.2,5951.04,7405.24,20,1,19,565.55,20.0,545.55,57,9,48,1589.35,183.9,1405.45,570.1789269587243,712.7236586984055,162.91601127354693,203.64501409193366,0,0,0.5299423774720803,1.84375
183,10,4,[31.47],7520.050000000003,0.8073584702975615,4,10.13343860779889,3760.0250000000015,5640.037500000002,11242.850000000002,0,4,2,0,2,0.0,167.0,167.0,48,6,42,1301.8,93.0,1208.8,61,6,55,1933.85,86.15,1847.7,0.0,210.27107603822083,0.0,210.27107603822083,0,0,3.140271076038221,2.0
184,10,5,[40.11],3369.0,0.3070257238383333,0,11.65719041553893,1684.5,2526.75,4769.7,0,0,0,0,0,0.0,0.0,0.0,0,0,0,0.0,0.0,0.0,6,0,6,373.0,0.0,373.0,0.0,0.0,0.0,0.0,0,0,,
185,10,6,[25.55],8316.089999999997,0.9935132236728103,54,13.139471299382357,4158.044999999998,6237.067499999997,37085.71,7,47,41,6,35,1154.4,5380.07,6534.47,26,1,25,1030.3,11.0,1019.3,130,16,114,6500.41,465.2,6035.21,431.8379083728145,539.7973854660182,113.90086294513995,142.37607868142496,0,0,0.1701856774709415,1.8703703703703705
186,10,7,[32.69],6098.1,2.1971189362226053,0,9.222488795863086,3049.05,4573.575000000001,1731.4,0,0,0,0,0,0.0,0.0,0.0,0,0,0,0.0,0.0,0.0,3,0,3,107.0,0.0,107.0,0.0,0.0,0.0,0.0,0,0,,
187,10,8,[31.28],4045.1000000000004,0.4445670540363461,0,11.093966488499596,1522.5500000000002,2283.8250000000003,3165.7,0,0,0,0,0,0.0,0.0,0.0,0,0,0,0.0,0.0,0.0,11,0,11,265.8,0.0,265.8,0.0,0.0,0.0,0.0,0,0,,
188,10,9,[37.02],10480.300000000001,1.5199655083211174,0,0.9415969647322584,5240.150000000001,7860.225,29042.5,0,0,0,0,0,0.0,0.0,0.0,0,0,0,0.0,0.0,0.0,2,2,0,50.0,50.0,0.0,0.0,0.0,0.0,0.0,0,0,,
189,10,10,[31.36],1496.6,1.7495717576640613,0,10.651532398747761,748.3,1122.4499999999998,5089.9,0,0,0,0,0,0.0,0.0,0.0,0,0,0,0.0,0.0,0.0,1,0,1,11.0,0.0,11.0,0.0,0.0,0.0,0.0,0,0,,
190,10,11,[30.97],1304.2,0.13139122831239358,0,10.094589442680284,652.1,978.1500000000001,2418.9,0,0,0,0,0,0.0,0.0,0.0,0,0,0,0.0,0.0,0.0,11,0,11,246.0,0.0,246.0,0.0,0.0,0.0,0.0,0,0,,
191,10,12,[30.64],930.0,2.9440044411547,27,10.399703923019986,930.0,2790.0,2702.0,3,24,21,3,18,291.0,1581.0,1872.0,6,0,6,279.2,0.0,279.2,0,0,0,0.0,0.0,0.0,329.7524632338687,412.1905790423359,0.0,192.06357565337112,0,0,3.8620635756533717,1.8888888888888888
192,10,13,[27.57],2402.2,4.213717305786613,0,10.256769868772702,701.0999999999999,1051.6499999999999,3752.5,0,0,0,0,0,0.0,0.0,0.0,0,0,0,0.0,0.0,0.0,14,3,11,422.4,51.0,371.4,0.0,0.0,0.0,0.0,0,0,,
193,10,14,[28.71],1550.8000000000002,0.30980166557089633,0,7.994180802103879,775.4000000000001,1163.1000000000001,3919.4,0,0,0,0,0,0.0,0.0,0.0,0,0,0,0.0,0.0,0.0,11,0,11,269.0,0.0,269.0,0.0,0.0,0.0,0.0,0,0,,
194,10,15,[29.93],998.8000000000001,0.16682016075016742,0,1.08841259209645,998.8000000000001,2996.4,2388.8,0,0,0,0,0,0.0,0.0,0.0,0,0,0,0.0,0.0,0.0,0,0,0,0.0,0.0,0.0,0.0,0.0,0.0,0.0,0,0,,
195,10,16,[27.17],5483.700000000001,0.010584307178631052,64,7.401670116861429,2741.8500000000004,4112.775000000001,14002.600000000002,6,58,59,6,53,810.0,9188.06,9998.06,23,2,21,529.4,22.0,507.4,51,7,44,2022.6,137.0,1885.6,617.8675272227288,772.3344090284107,0.0,198.2432039377997,0,0,1.1882432039377997,1.90625
196,10,17,[32.1],2502.1000000000004,0.7537132141411128,0,4.385651511922774,1251.0500000000002,1876.5750000000003,9680.9,0,0,0,0,0,0.0,0.0,0.0,0,0,0,0.0,0.0,0.0,7,1,6,295.5,20.0,275.5,0.0,0.0,0.0,0.0,0,0,,
197,10,18,[38.18],2860.85,0.8056215057057516,0,10.459853351969569,1430.425,2145.6375,4114.25,0,0,0,0,0,0.0,0.0,0.0,0,0,0,0.0,0.0,0.0,11,4,7,197.15,43.0,154.15,0.0,0.0,0.0,0.0,0,0,,
198,10,19,[26.82],6449.200000000001,0.1549415706690297,28,6.568325210456358,3224.6000000000004,4836.900000000001,15474.8,4,24,21,4,17,297.6,3724.7,4022.3,7,0,7,231.0,0.0,231.0,14,0,14,1030.0,0.0,1030.0,202.17648078765436,252.72060098456794,0.0,200.79845255629812,0,0,2.510798452556298,1.8571428571428572
199,10,20,[27.83],3490.5000000000005,0.2838817991287459,0,8.749113941162914,1745.2500000000002,2617.8750000000005,9908.9,0,0,0,0,0,0.0,0.0,0.0,0,0,0,0.0,0.0,0.0,18,2,16,795.6,42.0,753.6,0.0,0.0,0.0,0.0,0,0,,
200,11,1,[27.54],2157.5,3.4060227631994944,0,8.883338602592476,157.5,472.5,1265.2,0,0,0,0,0,0.0,0.0,0.0,0,0,0,0.0,0.0,0.0,0,0,0,0.0,0.0,0.0,0.0,0.0,0.0,0.0,0,0,,
201,11,2,[31.18],10289.5,1.790614353404069,56,11.666225067448151,5144.75,7717.125,43993.7,12,44,38,9,29,1194.99,4350.0,5544.99,59,8,51,1870.7,137.0,1733.7,147,26,121,7039.4,871.3,6168.1,340.9859747490271,426.2324684362837,152.5702450244191,190.71280628052395,0,0,2.7343557127378393,1.7857142857142858
202,11,3,[32.33],4111.1500000000015,1.3598160305626645,57,11.488885955639617,2055.5750000000007,3083.362500000001,12654.75,7,50,49,7,42,1465.0,7103.51,8568.51,18,0,18,487.75,0.0,487.75,67,10,57,1870.35,203.9,1666.45,570.1789269587243,712.7236586984055,0.0,203.64501409193363,0,0,0.5336450140919337,1.8771929824561404
203,11,4,[31.47],7207.050000000003,0.8073584702975615,0,10.497438607798887,3603.5250000000015,5405.287500000002,11555.850000000002,0,0,0,0,0,0.0,0.0,0.0,37,3,34,988.8,42.0,946.8,72,9,63,2246.85,137.15,2109.7,0.0,0.0,0.0,0.0,0,0,,
204,11,5,[40.11],3369.0,0.3070257238383333,65,11.65719041553893,1684.5,2526.75,4769.7,14,51,52,11,41,1340.47,6243.9,7584.37,13,3,10,257.35,33.0,224.35,6,0,6,373.0,0.0,373.0,437.81051618861727,547.2631452357716,107.97679659929106,134.97099574911383,0,0,1.498741565176078,1.7846153846153847
205,11,6,[25.55],8689.489999999996,0.9935132236728103,62,11.777071299382357,4344.744999999998,6517.117499999997,37712.31,11,51,54,10,44,867.2,5703.85,6571.05,20,1,19,660.8,25.0,635.8,144,17,127,7127.01,476.2,6650.81,431.83790837281447,539.7973854660182,113.90086294513995,142.37607868142493,0,0,0.16881667671438932,1.8225806451612903
206,11,7,[32.69],6098.1,2.1971189362226053,0,9.222488795863086,3049.05,4573.575000000001,1731.4,0,0,0,0,0,0.0,0.0,0.0,0,0,0,0.0,0.0,0.0,3,0,3,107.0,0.0,107.0,0.0,0.0,0.0,0.0,0,0,,
207,11,8,[31.28],4045.1000000000004,0.4445670540363461,0,11.093966488499596,1522.5500000000002,2283.8250000000003,3165.7,0,0,0,0,0,0.0,0.0,0.0,0,0,0,0.0,0.0,0.0,11,0,11,265.8,0.0,265.8,0.0,0.0,0.0,0.0,0,0,,
208,11,9,[37.02],10480.300000000001,1.5199655083211174,0,0.9415969647322584,5240.150000000001,7860.225,29042.5,0,0,0,0,0,0.0,0.0,0.0,0,0,0,0.0,0.0,0.0,2,2,0,50.0,50.0,0.0,0.0,0.0,0.0,0.0,0,0,,
209,11,10,[31.36],1496.6,1.7495717576640613,0,10.651532398747761,748.3,1122.4499999999998,5089.9,0,0,0,0,0,0.0,0.0,0.0,0,0,0,0.0,0.0,0.0,1,0,1,11.0,0.0,11.0,0.0,0.0,0.0,0.0,0,0,,
210,11,11,[30.97],1304.2,0.13139122831239358,0,10.094589442680284,652.1,978.1500000000001,2418.9,0,0,0,0,0,0.0,0.0,0.0,0,0,0,0.0,0.0,0.0,11,0,11,246.0,0.0,246.0,0.0,0.0,0.0,0.0,0,0,,
211,11,12,[30.64],930.0,2.9440044411547,0,10.399703923019986,930.0,2790.0,2702.0,0,0,0,0,0,0.0,0.0,0.0,6,0,6,279.2,0.0,279.2,0,0,0,0.0,0.0,0.0,0.0,0.0,0.0,0.0,0,0,,
212,11,13,[27.57],2402.2,4.213717305786613,0,10.256769868772702,701.0999999999999,1051.6499999999999,3752.5,0,0,0,0,0,0.0,0.0,0.0,0,0,0,0.0,0.0,0.0,14,3,11,422.4,51.0,371.4,0.0,0.0,0.0,0.0,0,0,,
213,11,14,[28.71],1550.8000000000002,0.30980166557089633,0,7.994180802103879,775.4000000000001,1163.1000000000001,3919.4,0,0,0,0,0,0.0,0.0,0.0,0,0,0,0.0,0.0,0.0,11,0,11,269.0,0.0,269.0,0.0,0.0,0.0,0.0,0,0,,
214,11,15,[29.93],998.8000000000001,0.16682016075016742,0,1.08841259209645,998.8000000000001,2996.4,2388.8,0,0,0,0,0,0.0,0.0,0.0,0,0,0,0.0,0.0,0.0,0,0,0,0.0,0.0,0.0,0.0,0.0,0.0,0.0,0,0,,
215,11,16,[27.17],5256.500000000001,0.010584307178631052,71,7.650870116861429,2628.2500000000005,3942.375000000001,14229.800000000003,7,64,57,7,50,666.0,10016.4,10682.4,26,0,26,807.4,0.0,807.4,62,9,53,2249.8,159.0,2090.8,617.8675272227289,760.7019769734532,0.0,198.24320393779968,0,0,1.1882432039377997,1.9014084507042253
216,11,17,[32.1],2502.1000000000004,0.7537132141411128,0,4.385651511922774,1251.0500000000002,1876.5750000000003,9680.9,0,0,0,0,0,0.0,0.0,0.0,0,0,0,0.0,0.0,0.0,7,1,6,295.5,20.0,275.5,0.0,0.0,0.0,0.0,0,0,,
217,11,18,[38.18],2860.85,0.8056215057057516,0,10.459853351969569,1430.425,2145.6375,4114.25,0,0,0,0,0,0.0,0.0,0.0,0,0,0,0.0,0.0,0.0,11,4,7,197.15,43.0,154.15,0.0,0.0,0.0,0.0,0,0,,
218,11,19,[26.82],6449.200000000001,0.1549415706690297,0,6.568325210456358,3224.6000000000004,4836.900000000001,15474.8,0,0,0,0,0,0.0,0.0,0.0,7,0,7,231.0,0.0,231.0,14,0,14,1030.0,0.0,1030.0,0.0,0.0,0.0,0.0,0,0,,
219,11,20,[27.83],3490.5000000000005,0.2838817991287459,0,8.749113941162914,1745.2500000000002,2617.8750000000005,9908.9,0,0,0,0,0,0.0,0.0,0.0,0,0,0,0.0,0.0,0.0,18,2,16,795.6,42.0,753.6,0.0,0.0,0.0,0.0,0,0,,
220,12,1,[27.54],2157.5,3.4060227631994944,0,8.883338602592476,157.5,472.5,1265.2,0,0,0,0,0,0.0,0.0,0.0,0,0,0,0.0,0.0,0.0,0,0,0,0.0,0.0,0.0,0.0,0.0,0.0,0.0,0,0,,
221,12,2,[31.18],10993.099999999999,1.790614353404069,62,9.997625067448148,5496.549999999999,8244.824999999999,44290.09999999999,9,53,46,7,39,855.0,7796.27,8651.27,66,8,58,2006.3,124.0,1882.3,156,28,128,7335.8,906.3,6429.5,630.5360659176168,788.170082397021,152.5702450244191,190.71280628052392,0,0,2.7359449861235103,1.8548387096774193
222,12,3,[32.33],4826.600000000002,1.3598160305626645,0,9.773435955639615,2413.300000000001,3619.9500000000016,12939.300000000001,0,0,0,0,0,0.0,0.0,0.0,8,0,8,203.2,0.0,203.2,77,10,67,2154.9,203.9,1951.0,0.0,0.0,0.0,0.0,0,0,,
223,12,4,[31.47],6973.650000000003,0.8073584702975615,65,10.741838607798885,3486.8250000000016,5230.237500000003,11789.250000000002,9,56,60,8,52,1294.4,7013.94,8308.34,30,3,27,935.4,51.0,884.4,84,10,74,2480.25,148.15,2332.1,565.6415165220768,696.1927453262274,168.21686083057668,210.27107603822083,0,0,3.1318602329966923,1.8615384615384616
224,12,5,[40.11],3369.0,0.3070257238383333,63,11.65719041553893,1684.5,2526.75,4769.7,14,49,52,13,39,1604.0,5784.76,7388.76,24,4,20,610.55,53.0,557.55,6,0,6,373.0,0.0,373.0,437.8105161886172,547.2631452357715,107.97679659929106,134.97099574911383,0,0,1.5025169776445848,1.7777777777777777
225,12,6,[25.55],9260.789999999995,0.9935132236728103,62,10.230771299382354,4630.394999999998,6945.592499999997,38141.009999999995,19,43,48,15,33,1950.2,5502.4,7452.6,21,4,17,518.25,69.15,449.1,157,18,139,7555.71,501.2,7054.51,431.83790837281435,539.7973854660181,113.90086294513995,142.37607868142496,0,0,0.16424030275677207,1.6935483870967742
226,12,7,[32.69],6098.1,2.1971189362226053,0,9.222488795863086,3049.05,4573.575000000001,1731.4,0,0,0,0,0,0.0,0.0,0.0,0,0,0,0.0,0.0,0.0,3,0,3,107.0,0.0,107.0,0.0,0.0,0.0,0.0,0,0,,
227,12,8,[31.28],4045.1000000000004,0.4445670540363461,14,11.093966488499596,1522.5500000000002,2283.8250000000003,3165.7,3,11,12,3,9,610.0,1233.36,1843.36,2,0,2,69.2,0.0,69.2,11,0,11,265.8,0.0,265.8,279.060079381132,348.82509922641503,0.0,143.83214796460732,0,0,0.8838321479646073,1.7857142857142858
228,12,9,[37.02],10480.300000000001,1.5199655083211174,0,0.9415969647322584,5240.150000000001,7860.225,29042.5,0,0,0,0,0,0.0,0.0,0.0,0,0,0,0.0,0.0,0.0,2,2,0,50.0,50.0,0.0,0.0,0.0,0.0,0.0,0,0,,
229,12,10,[31.36],1496.6,1.7495717576640613,0,10.651532398747761,748.3,1122.4499999999998,5089.9,0,0,0,0,0,0.0,0.0,0.0,0,0,0,0.0,0.0,0.0,1,0,1,11.0,0.0,11.0,0.0,0.0,0.0,0.0,0,0,,
230,12,11,[30.97],1304.2,0.13139122831239358,0,10.094589442680284,652.1,978.1500000000001,2418.9,0,0,0,0,0,0.0,0.0,0.0,0,0,0,0.0,0.0,0.0,11,0,11,246.0,0.0,246.0,0.0,0.0,0.0,0.0,0,0,,
231,12,12,[30.64],930.0,2.9440044411547,0,10.399703923019986,930.0,2790.0,2702.0,0,0,0,0,0,0.0,0.0,0.0,6,0,6,279.2,0.0,279.2,0,0,0,0.0,0.0,0.0,0.0,0.0,0.0,0.0,0,0,,
232,12,13,[27.57],2402.2,4.213717305786613,0,10.256769868772702,701.0999999999999,1051.6499999999999,3752.5,0,0,0,0,0,0.0,0.0,0.0,0,0,0,0.0,0.0,0.0,14,3,11,422.4,51.0,371.4,0.0,0.0,0.0,0.0,0,0,,
233,12,14,[28.71],1550.8000000000002,0.30980166557089633,0,7.994180802103879,775.4000000000001,1163.1000000000001,3919.4,0,0,0,0,0,0.0,0.0,0.0,0,0,0,0.0,0.0,0.0,11,0,11,269.0,0.0,269.0,0.0,0.0,0.0,0.0,0,0,,
234,12,15,[29.93],998.8000000000001,0.16682016075016742,0,1.08841259209645,998.8000000000001,2996.4,2388.8,0,0,0,0,0,0.0,0.0,0.0,0,0,0,0.0,0.0,0.0,0,0,0,0.0,0.0,0.0,0.0,0.0,0.0,0.0,0,0,,
235,12,16,[27.17],5062.300000000001,0.010584307178631052,45,7.845070116861429,2531.1500000000005,3796.725000000001,14424.000000000004,7,38,36,5,31,640.0,4940.29,5580.29,28,2,26,851.2,31.0,820.2,69,9,60,2444.0,159.0,2285.0,617.8675272227288,772.3344090284112,158.59456315023976,198.24320393779973,0,0,1.1794323948738974,1.8444444444444446
236,12,17,[32.1],2502.1000000000004,0.7537132141411128,0,4.385651511922774,1251.0500000000002,1876.5750000000003,9680.9,0,0,0,0,0,0.0,0.0,0.0,0,0,0,0.0,0.0,0.0,7,1,6,295.5,20.0,275.5,0.0,0.0,0.0,0.0,0,0,,
237,12,18,[38.18],2860.85,0.8056215057057516,0,10.459853351969569,1430.425,2145.6375,4114.25,0,0,0,0,0,0.0,0.0,0.0,0,0,0,0.0,0.0,0.0,11,4,7,197.15,43.0,154.15,0.0,0.0,0.0,0.0,0,0,,
238,12,19,[26.82],6449.200000000001,0.1549415706690297,0,6.568325210456358,3224.6000000000004,4836.900000000001,15474.8,0,0,0,0,0,0.0,0.0,0.0,7,0,7,231.0,0.0,231.0,14,0,14,1030.0,0.0,1030.0,0.0,0.0,0.0,0.0,0,0,,
239,12,20,[27.83],3490.5000000000005,0.2838817991287459,0,8.749113941162914,1745.2500000000002,2617.8750000000005,9908.9,0,0,0,0,0,0.0,0.0,0.0,0,0,0,0.0,0.0,0.0,18,2,16,795.6,42.0,753.6,0.0,0.0,0.0,0.0,0,0,,
240,13,1,[27.54],2157.5,3.4060227631994944,0,8.883338602592476,157.5,472.5,1265.2,0,0,0,0,0,0.0,0.0,0.0,0,0,0,0.0,0.0,0.0,0,0,0,0.0,0.0,0.0,0.0,0.0,0.0,0.0,0,0,,
241,13,2,[31.18],11365.199999999997,1.790614353404069,55,8.667525067448144,5682.5999999999985,8523.899999999998,44917.999999999985,8,47,44,5,39,877.49,6898.0,7775.49,58,8,50,1692.4,133.0,1559.4,175,31,144,7963.7,948.3,7015.4,340.9859747490271,420.6949968363334,152.5702450244191,190.7128062805239,0,0,2.7303102895743128,1.8545454545454545
242,13,3,[32.33],4623.400000000002,1.3598160305626645,12,9.976635955639612,2311.700000000001,3467.550000000002,13142.500000000002,1,11,6,1,5,125.0,400.0,525.0,6,0,6,296.0,0.0,296.0,85,10,75,2358.1,203.9,2154.2,162.91601127354693,203.64501409193363,0.0,203.64501409193363,0,0,0.5336450140919337,1.9166666666666667
243,13,4,[31.47],6620.250000000004,0.8073584702975615,70,11.126238607798882,3310.125000000002,4965.187500000003,12142.650000000001,13,57,59,11,48,1560.0,8452.59,10012.59,28,3,25,883.6,42.0,841.6,97,12,85,2833.65,179.15,2654.5,565.6415165220768,707.0518956525958,168.21686083057668,210.27107603822083,0,0,3.1326248550913762,1.8142857142857143
244,13,5,[40.11],4336.0,0.3070257238383333,0,9.72319041553893,2168.0,3252.0,4802.7,0,0,0,0,0,0.0,0.0,0.0,21,1,20,577.55,20.0,557.55,9,3,6,406.0,33.0,373.0,0.0,0.0,0.0,0.0,0,0,,
245,13,6,[25.55],9959.539999999995,0.9935132236728103,60,8.60117129938235,4979.769999999998,7469.654999999997,38442.259999999995,7,53,47,6,41,675.2,5788.7,6463.9,23,1,22,723.6,20.0,703.6,168,22,146,7856.96,570.35,7286.61,431.8379083728145,539.7973854660181,113.90086294513995,142.37607868142496,0,0,0.1701856774709415,1.8833333333333333
246,13,7,[32.69],6098.1,2.1971189362226053,0,9.222488795863086,3049.05,4573.575000000001,1731.4,0,0,0,0,0,0.0,0.0,0.0,0,0,0,0.0,0.0,0.0,3,0,3,107.0,0.0,107.0,0.0,0.0,0.0,0.0,0,0,,
247,13,8,[31.28],4045.1000000000004,0.4445670540363461,50,11.093966488499596,1522.5500000000002,2283.8250000000003,3165.7,9,41,43,8,35,1404.0,6296.26,7700.26,9,1,8,221.2,20.0,201.2,11,0,11,265.8,0.0,265.8,591.3423191125406,739.1778988906759,115.06571837168586,143.83214796460732,0,0,0.8797226580227615,1.82
248,13,9,[37.02],10480.300000000001,1.5199655083211174,0,0.9415969647322584,5240.150000000001,7860.225,29042.5,0,0,0,0,0,0.0,0.0,0.0,0,0,0,0.0,0.0,0.0,2,2,0,50.0,50.0,0.0,0.0,0.0,0.0,0.0,0,0,,
249,13,10,[31.36],1496.6,1.7495717576640613,0,10.651532398747761,748.3,1122.4499999999998,5089.9,0,0,0,0,0,0.0,0.0,0.0,0,0,0,0.0,0.0,0.0,1,0,1,11.0,0.0,11.0,0.0,0.0,0.0,0.0,0,0,,
250,13,11,[30.97],1304.2,0.13139122831239358,12,10.094589442680284,652.1,978.1500000000001,2418.9,4,8,9,3,6,276.0,863.2,1139.2,3,1,2,113.2,11.0,102.2,11,0,11,246.0,0.0,246.0,591.7001603124436,739.6252003905546,138.0494644938003,172.56183061725037,0,0,2.9310577085761005,1.6666666666666667
251,13,12,[30.64],930.0,2.9440044411547,0,10.399703923019986,930.0,2790.0,2702.0,0,0,0,0,0,0.0,0.0,0.0,6,0,6,279.2,0.0,279.2,0,0,0,0.0,0.0,0.0,0.0,0.0,0.0,0.0,0,0,,
252,13,13,[27.57],2402.2,4.213717305786613,0,10.256769868772702,701.0999999999999,1051.6499999999999,3752.5,0,0,0,0,0,0.0,0.0,0.0,0,0,0,0.0,0.0,0.0,14,3,11,422.4,51.0,371.4,0.0,0.0,0.0,0.0,0,0,,
253,13,14,[28.71],1550.8000000000002,0.30980166557089633,0,7.994180802103879,775.4000000000001,1163.1000000000001,3919.4,0,0,0,0,0,0.0,0.0,0.0,0,0,0,0.0,0.0,0.0,11,0,11,269.0,0.0,269.0,0.0,0.0,0.0,0.0,0,0,,
254,13,15,[29.93],998.8000000000001,0.16682016075016742,0,1.08841259209645,998.8000000000001,2996.4,2388.8,0,0,0,0,0,0.0,0.0,0.0,0,0,0,0.0,0.0,0.0,0,0,0,0.0,0.0,0.0,0.0,0.0,0.0,0.0,0,0,,
255,13,16,[27.17],4954.300000000001,0.010584307178631052,52,7.953070116861428,2477.1500000000005,3715.725000000001,14532.000000000004,9,43,45,8,37,589.0,4655.18,5244.18,30,3,27,982.35,51.0,931.35,74,9,65,2552.0,159.0,2393.0,617.8675272227288,772.3344090284111,158.59456315023976,198.24320393779973,0,0,1.1825791123967198,1.8269230769230769
256,13,17,[32.1],2502.1000000000004,0.7537132141411128,0,4.385651511922774,1251.0500000000002,1876.5750000000003,9680.9,0,0,0,0,0,0.0,0.0,0.0,0,0,0,0.0,0.0,0.0,7,1,6,295.5,20.0,275.5,0.0,0.0,0.0,0.0,0,0,,
257,13,18,[38.18],2860.85,0.8056215057057516,0,10.459853351969569,1430.425,2145.6375,4114.25,0,0,0,0,0,0.0,0.0,0.0,0,0,0,0.0,0.0,0.0,11,4,7,197.15,43.0,154.15,0.0,0.0,0.0,0.0,0,0,,
258,13,19,[26.82],6449.200000000001,0.1549415706690297,0,6.568325210456358,3224.6000000000004,4836.900000000001,15474.8,0,0,0,0,0,0.0,0.0,0.0,7,0,7,231.0,0.0,231.0,14,0,14,1030.0,0.0,1030.0,0.0,0.0,0.0,0.0,0,0,,
259,13,20,[27.83],3490.5000000000005,0.2838817991287459,0,8.749113941162914,1745.2500000000002,2617.8750000000005,9908.9,0,0,0,0,0,0.0,0.0,0.0,0,0,0,0.0,0.0,0.0,18,2,16,795.6,42.0,753.6,0.0,0.0,0.0,0.0,0,0,,
260,14,1,[27.54],2157.5,3.4060227631994944,0,8.883338602592476,157.5,472.5,1265.2,0,0,0,0,0,0.0,0.0,0.0,0,0,0,0.0,0.0,0.0,0,0,0,0.0,0.0,0.0,0.0,0.0,0.0,0.0,0,0,,
261,14,2,[31.18],10967.799999999997,1.790614353404069,67,9.124925067448142,5483.899999999999,8225.849999999999,45315.39999999999,9,58,55,8,47,1770.0,6631.56,8401.56,54,6,48,1566.15,93.0,1473.15,191,34,157,8361.1,1008.3,7352.8,630.536065917617,788.1700823970215,152.5702450244191,190.7128062805239,0,0,2.737534259509181,1.8656716417910448
262,14,3,[32.33],4623.400000000002,1.3598160305626645,53,9.976635955639612,2311.700000000001,3467.550000000002,13142.500000000002,11,42,48,11,37,1293.0,6394.45,7687.45,11,0,11,435.2,0.0,435.2,85,10,75,2358.1,203.9,2154.2,570.1789269587243,699.1438591670493,0.0,203.64501409193363,0,0,0.5336450140919337,1.7924528301886793
263,14,4,[31.47],7317.250000000004,0.8073584702975615,16,9.429238607798881,3658.625000000002,5487.937500000003,12445.650000000001,0,16,11,0,11,0.0,2660.1,2660.1,23,3,20,857.6,42.0,815.6,107,12,95,3136.65,179.15,2957.5,0.0,210.27107603822085,0.0,210.27107603822083,0,0,3.140271076038221,2.0
264,14,5,[40.11],5091.650000000001,0.3070257238383333,0,7.987540415538929,2545.8250000000003,3818.7375,5047.049999999999,0,0,0,0,0,0.0,0.0,0.0,10,0,10,333.2,0.0,333.2,20,4,16,650.35,53.0,597.35,0.0,0.0,0.0,0.0,0,0,,
265,14,6,[25.55],9722.539999999995,0.9935132236728103,53,8.858171299382347,4861.269999999998,7291.904999999997,38679.259999999995,8,45,40,6,34,464.0,5303.7,5767.7,25,2,23,975.0,40.0,935.0,179,23,156,8093.96,590.35,7503.61,353.0268156039569,441.28351950494607,113.90086294513995,142.37607868142496,0,0,0.16799527626045807,1.849056603773585
266,14,7,[32.69],6098.1,2.1971189362226053,0,9.222488795863086,3049.05,4573.575000000001,1731.4,0,0,0,0,0,0.0,0.0,0.0,0,0,0,0.0,0.0,0.0,3,0,3,107.0,0.0,107.0,0.0,0.0,0.0,0.0,0,0,,
267,14,8,[31.28],4955.900000000001,0.4445670540363461,0,9.203166488499596,2477.9500000000003,3716.925,3254.8999999999996,0,0,0,0,0,0.0,0.0,0.0,6,0,6,132.0,0.0,132.0,14,1,13,355.0,20.0,335.0,0.0,0.0,0.0,0.0,0,0,,
268,14,9,[37.02],10480.300000000001,1.5199655083211174,0,0.9415969647322584,5240.150000000001,7860.225,29042.5,0,0,0,0,0,0.0,0.0,0.0,0,0,0,0.0,0.0,0.0,2,2,0,50.0,50.0,0.0,0.0,0.0,0.0,0.0,0,0,,
269,14,10,[31.36],1496.6,1.7495717576640613,0,10.651532398747761,748.3,1122.4499999999998,5089.9,0,0,0,0,0,0.0,0.0,0.0,0,0,0,0.0,0.0,0.0,1,0,1,11.0,0.0,11.0,0.0,0.0,0.0,0.0,0,0,,
270,14,11,[30.97],1304.2,0.13139122831239358,46,10.094589442680284,652.1,978.1500000000001,2418.9,6,40,43,5,38,614.8,5193.6,5808.4,6,2,4,176.6,19.4,157.2,11,0,11,246.0,0.0,246.0,591.7001603124436,739.6252003905544,138.0494644938003,172.56183061725037,0,0,2.9310577085761005,1.8695652173913044
271,14,12,[30.64],930.0,2.9440044411547,18,10.399703923019986,930.0,2790.0,2702.0,3,15,10,2,8,225.0,1001.9,1226.9,14,1,13,670.3,11.0,659.3,0,0,0,0.0,0.0,0.0,329.7524632338687,412.19057904233586,153.65086052269692,192.06357565337112,0,0,3.8572619862620368,1.8333333333333333
272,14,13,[27.57],2402.2,4.213717305786613,0,10.256769868772702,701.0999999999999,1051.6499999999999,3752.5,0,0,0,0,0,0.0,0.0,0.0,0,0,0,0.0,0.0,0.0,14,3,11,422.4,51.0,371.4,0.0,0.0,0.0,0.0,0,0,,
273,14,14,[28.71],1550.8000000000002,0.30980166557089633,0,7.994180802103879,775.4000000000001,1163.1000000000001,3919.4,0,0,0,0,0,0.0,0.0,0.0,0,0,0,0.0,0.0,0.0,11,0,11,269.0,0.0,269.0,0.0,0.0,0.0,0.0,0,0,,
274,14,15,[29.93],998.8000000000001,0.16682016075016742,0,1.08841259209645,998.8000000000001,2996.4,2388.8,0,0,0,0,0,0.0,0.0,0.0,0,0,0,0.0,0.0,0.0,0,0,0,0.0,0.0,0.0,0.0,0.0,0.0,0.0,0,0,,
275,14,16,[27.17],4418.100000000001,0.010584307178631052,58,8.520270116861427,2209.0500000000006,3313.5750000000007,15068.200000000004,8,50,46,7,39,747.0,6497.61,7244.61,26,2,24,802.35,31.0,771.35,90,11,79,3088.2,190.0,2898.2,617.8675272227289,772.3344090284111,158.59456315023976,198.2432039377997,0,0,1.1849391505388365,1.8620689655172413
276,14,17,[32.1],2502.1000000000004,0.7537132141411128,0,4.385651511922774,1251.0500000000002,1876.5750000000003,9680.9,0,0,0,0,0,0.0,0.0,0.0,0,0,0,0.0,0.0,0.0,7,1,6,295.5,20.0,275.5,0.0,0.0,0.0,0.0,0,0,,
277,14,18,[38.18],2860.85,0.8056215057057516,0,10.459853351969569,1430.425,2145.6375,4114.25,0,0,0,0,0,0.0,0.0,0.0,0,0,0,0.0,0.0,0.0,11,4,7,197.15,43.0,154.15,0.0,0.0,0.0,0.0,0,0,,
278,14,19,[26.82],6218.200000000001,0.1549415706690297,0,6.799325210456356,3109.1000000000004,4663.650000000001,15705.8,0,0,0,0,0,0.0,0.0,0.0,0,0,0,0.0,0.0,0.0,21,0,21,1261.0,0.0,1261.0,0.0,0.0,0.0,0.0,0,0,,
279,14,20,[27.83],3490.5000000000005,0.2838817991287459,0,8.749113941162914,1745.2500000000002,2617.8750000000005,9908.9,0,0,0,0,0,0.0,0.0,0.0,0,0,0,0.0,0.0,0.0,18,2,16,795.6,42.0,753.6,0.0,0.0,0.0,0.0,0,0,,
280,15,1,[27.54],2157.5,3.4060227631994944,0,8.883338602592476,157.5,472.5,1265.2,0,0,0,0,0,0.0,0.0,0.0,0,0,0,0.0,0.0,0.0,0,0,0,0.0,0.0,0.0,0.0,0.0,0.0,0.0,0,0,,
281,15,2,[31.18],10396.799999999997,1.790614353404069,55,9.717925067448139,5198.399999999999,7797.5999999999985,45886.39999999999,9,46,41,9,32,2057.3,4913.8,6971.1,51,4,47,1615.15,71.0,1544.15,208,36,172,8932.1,1030.3,7901.8,340.9859747490271,426.23246843628385,0.0,190.71280628052392,0,0,2.740712806280524,1.8363636363636364
282,15,3,[32.33],4327.400000000002,1.3598160305626645,53,10.272635955639611,2163.700000000001,3245.550000000002,13438.500000000002,14,39,45,13,32,1798.9,3734.4,5533.3,13,1,12,360.75,20.0,340.75,91,10,81,2654.1,203.9,2450.2,570.1789269587243,712.7236586984054,162.91601127354693,203.64501409193366,0,0,0.5285538887396353,1.7358490566037736
283,15,4,[31.47],8218.250000000004,0.8073584702975615,0,7.5282386077988805,4109.125000000002,6163.687500000003,12544.650000000001,0,0,0,0,0,0.0,0.0,0.0,21,3,18,758.6,42.0,716.6,109,12,97,3235.65,179.15,3056.5,0.0,0.0,0.0,0.0,0,0,,
284,15,5,[40.11],4758.450000000001,0.3070257238383333,0,8.320740415538925,2379.2250000000004,3568.8375000000005,5380.249999999999,0,0,0,0,0,0.0,0.0,0.0,0,0,0,0.0,0.0,0.0,30,4,26,983.55,53.0,930.55,0.0,0.0,0.0,0.0,0,0,,
285,15,6,[25.55],9195.939999999995,0.9935132236728103,69,9.424771299382341,4597.9699999999975,6896.954999999996,39205.85999999999,12,57,54,9,45,1129.0,6053.16,7182.16,26,3,23,892.8,30.4,862.4,193,25,168,8620.56,630.35,7990.21,431.8379083728145,532.0399503730073,113.90086294513996,142.37607868142496,0,0,0.16668103553416797,1.826086956521739
286,15,7,[32.69],6098.1,2.1971189362226053,0,9.222488795863086,3049.05,4573.575000000001,1731.4,0,0,0,0,0,0.0,0.0,0.0,0,0,0,0.0,0.0,0.0,3,0,3,107.0,0.0,107.0,0.0,0.0,0.0,0.0,0,0,,
287,15,8,[31.28],5823.900000000001,0.4445670540363461,0,7.335166488499595,2911.9500000000003,4367.925,3386.8999999999996,0,0,0,0,0,0.0,0.0,0.0,0,0,0,0.0,0.0,0.0,20,1,19,487.0,20.0,467.0,0.0,0.0,0.0,0.0,0,0,,
288,15,9,[37.02],10480.300000000001,1.5199655083211174,0,0.9415969647322584,5240.150000000001,7860.225,29042.5,0,0,0,0,0,0.0,0.0,0.0,0,0,0,0.0,0.0,0.0,2,2,0,50.0,50.0,0.0,0.0,0.0,0.0,0.0,0,0,,
289,15,10,[31.36],2496.6,1.7495717576640613,0,8.651532398747761,748.3,1122.4499999999998,5089.9,0,0,0,0,0,0.0,0.0,0.0,0,0,0,0.0,0.0,0.0,1,0,1,11.0,0.0,11.0,0.0,0.0,0.0,0.0,0,0,,
290,15,11,[30.97],1304.2,0.13139122831239358,56,10.094589442680284,652.1,978.1500000000001,2418.9,9,47,50,9,41,897.75,4950.7,5848.45,12,2,10,422.0,19.4,402.6,11,0,11,246.0,0.0,246.0,591.7001603124436,739.6252003905545,0.0,172.56183061725037,0,0,2.9425618306172505,1.8392857142857142
291,15,12,[30.64],650.8,2.9440044411547,19,10.678903923019986,325.4,488.09999999999997,2981.2,4,15,16,3,13,443.61,2226.3,2669.91,11,2,9,526.1,31.0,495.1,6,0,6,279.2,0.0,279.2,493.1753228862478,616.4691536078097,153.65086052269692,192.06357565337112,0,0,3.84925933727648,1.7894736842105263
292,15,13,[27.57],2402.2,4.213717305786613,0,10.256769868772702,701.0999999999999,1051.6499999999999,3752.5,0,0,0,0,0,0.0,0.0,0.0,0,0,0,0.0,0.0,0.0,14,3,11,422.4,51.0,371.4,0.0,0.0,0.0,0.0,0,0,,
293,15,14,[28.71],1550.8000000000002,0.30980166557089633,0,7.994180802103879,775.4000000000001,1163.1000000000001,3919.4,0,0,0,0,0,0.0,0.0,0.0,0,0,0,0.0,0.0,0.0,11,0,11,269.0,0.0,269.0,0.0,0.0,0.0,0.0,0,0,,
294,15,15,[29.93],998.8000000000001,0.16682016075016742,0,1.08841259209645,998.8000000000001,2996.4,2388.8,0,0,0,0,0,0.0,0.0,0.0,0,0,0,0.0,0.0,0.0,0,0,0,0.0,0.0,0.0,0.0,0.0,0.0,0.0,0,0,,
295,15,16,[27.17],4191.100000000001,0.010584307178631052,59,8.767270116861425,2095.5500000000006,3143.3250000000007,15295.200000000004,14,45,49,13,36,3369.0,7288.9,10657.9,28,2,26,829.35,31.0,798.35,98,12,86,3315.2,210.0,3105.2,617.8675272227285,772.3344090284111,158.59456315023976,198.2432039377997,0,0,1.1842783398590437,1.7627118644067796
296,15,17,[32.1],2502.1000000000004,0.7537132141411128,0,4.385651511922774,1251.0500000000002,1876.5750000000003,9680.9,0,0,0,0,0,0.0,0.0,0.0,0,0,0,0.0,0.0,0.0,7,1,6,295.5,20.0,275.5,0.0,0.0,0.0,0.0,0,0,,
297,15,18,[38.18],2860.85,0.8056215057057516,0,10.459853351969569,1430.425,2145.6375,4114.25,0,0,0,0,0,0.0,0.0,0.0,0,0,0,0.0,0.0,0.0,11,4,7,197.15,43.0,154.15,0.0,0.0,0.0,0.0,0,0,,
298,15,19,[26.82],6218.200000000001,0.1549415706690297,0,6.799325210456356,3109.1000000000004,4663.650000000001,15705.8,0,0,0,0,0,0.0,0.0,0.0,0,0,0,0.0,0.0,0.0,21,0,21,1261.0,0.0,1261.0,0.0,0.0,0.0,0.0,0,0,,
299,15,20,[27.83],3490.5000000000005,0.2838817991287459,0,8.749113941162914,1745.2500000000002,2617.8750000000005,9908.9,0,0,0,0,0,0.0,0.0,0.0,0,0,0,0.0,0.0,0.0,18,2,16,795.6,42.0,753.6,0.0,0.0,0.0,0.0,0,0,,
300,16,1,[27.54],2157.5,3.4060227631994944,0,8.883338602592476,157.5,472.5,1265.2,0,0,0,0,0,0.0,0.0,0.0,0,0,0,0.0,0.0,0.0,0,0,0,0.0,0.0,0.0,0.0,0.0,0.0,0.0,0,0,,
301,16,2,[31.18],9935.799999999996,1.790614353404069,54,10.229925067448134,4967.899999999998,7451.849999999997,46347.39999999998,9,45,48,9,39,1612.4,7216.82,8829.22,40,1,39,1271.15,20.0,1251.15,225,39,186,9393.1,1081.3,8311.8,630.536065917617,788.170082397021,0.0,190.7128062805239,0,0,2.7407128062805235,1.8333333333333333
302,16,3,[32.33],4168.200000000003,1.3598160305626645,71,10.451835955639607,2084.1000000000013,3126.150000000002,13597.700000000003,8,63,61,8,53,758.0,8216.1,8974.1,17,0,17,509.7,0.0,509.7,97,11,86,2813.3,223.9,2589.4,570.1789269587243,712.7236586984056,0.0,203.64501409193366,0,0,0.5336450140919337,1.8873239436619718
303,16,4,[31.47],8198.250000000004,0.8073584702975615,0,7.568238607798881,4099.125000000002,6148.687500000003,12564.650000000001,0,0,0,0,0,0.0,0.0,0.0,20,2,18,738.6,22.0,716.6,110,13,97,3255.65,199.15,3056.5,0.0,0.0,0.0,0.0,0,0,,
304,16,5,[40.11],4758.450000000001,0.3070257238383333,0,8.320740415538925,2379.2250000000004,3568.8375000000005,5380.249999999999,0,0,0,0,0,0.0,0.0,0.0,0,0,0,0.0,0.0,0.0,30,4,26,983.55,53.0,930.55,0.0,0.0,0.0,0.0,0,0,,
305,16,6,[25.55],8717.139999999994,0.9935132236728103,62,9.933971299382337,4358.569999999997,6537.854999999996,39684.65999999999,12,50,50,12,38,1431.5,5754.2,7185.7,24,0,24,786.8,0.0,786.8,207,28,179,9099.36,660.75,8438.61,431.8379083728144,539.7973854660183,0.0,142.37607868142496,0,0,0.17237607868142493,1.8064516129032258
306,16,7,[32.69],6098.1,2.1971189362226053,0,9.222488795863086,3049.05,4573.575000000001,1731.4,0,0,0,0,0,0.0,0.0,0.0,0,0,0,0.0,0.0,0.0,3,0,3,107.0,0.0,107.0,0.0,0.0,0.0,0.0,0,0,,
307,16,8,[31.28],5823.900000000001,0.4445670540363461,0,7.335166488499595,2911.9500000000003,4367.925,3386.8999999999996,0,0,0,0,0,0.0,0.0,0.0,0,0,0,0.0,0.0,0.0,20,1,19,487.0,20.0,467.0,0.0,0.0,0.0,0.0,0,0,,
308,16,9,[37.02],10480.300000000001,1.5199655083211174,0,0.9415969647322584,5240.150000000001,7860.225,29042.5,0,0,0,0,0,0.0,0.0,0.0,0,0,0,0.0,0.0,0.0,2,2,0,50.0,50.0,0.0,0.0,0.0,0.0,0.0,0,0,,
309,16,10,[31.36],3496.6,1.7495717576640613,0,6.6515323987477615,748.3,1122.4499999999998,5089.9,0,0,0,0,0,0.0,0.0,0.0,0,0,0,0.0,0.0,0.0,1,0,1,11.0,0.0,11.0,0.0,0.0,0.0,0.0,0,0,,
310,16,11,[30.97],1293.2,0.13139122831239358,57,10.116589442680285,646.6,969.9000000000001,2429.9,10,47,49,9,40,675.2,5918.28,6593.48,19,2,17,602.2,19.4,582.8,12,1,11,257.0,11.0,246.0,591.7001603124436,726.0906504792356,138.0494644938003,172.56183061725034,0,0,2.9382477848518196,1.8245614035087718
311,16,12,[30.64],1650.8,2.9440044411547,0,8.678903923019986,325.4,488.09999999999997,2981.2,0,0,0,0,0,0.0,0.0,0.0,11,2,9,526.1,31.0,495.1,6,0,6,279.2,0.0,279.2,0.0,0.0,0.0,0.0,0,0,,
312,16,13,[27.57],2402.2,4.213717305786613,0,10.256769868772702,701.0999999999999,1051.6499999999999,3752.5,0,0,0,0,0,0.0,0.0,0.0,0,0,0,0.0,0.0,0.0,14,3,11,422.4,51.0,371.4,0.0,0.0,0.0,0.0,0,0,,
313,16,14,[28.71],1550.8000000000002,0.30980166557089633,0,7.994180802103879,775.4000000000001,1163.1000000000001,3919.4,0,0,0,0,0,0.0,0.0,0.0,0,0,0,0.0,0.0,0.0,11,0,11,269.0,0.0,269.0,0.0,0.0,0.0,0.0,0,0,,
314,16,15,[29.93],998.8000000000001,0.16682016075016742,0,1.08841259209645,998.8000000000001,2996.4,2388.8,0,0,0,0,0,0.0,0.0,0.0,0,0,0,0.0,0.0,0.0,0,0,0,0.0,0.0,0.0,0.0,0.0,0.0,0.0,0,0,,
315,16,16,[27.17],3960.9500000000016,0.010584307178631052,67,9.008420116861426,1980.4750000000008,2970.7125000000015,15525.350000000004,14,53,55,13,42,2732.2,5213.32,7945.52,33,2,31,865.2,40.0,825.2,105,13,92,3545.35,221.0,3324.35,617.8675272227285,772.334409028411,158.59456315023976,198.2432039377997,0,0,1.1849391505388365,1.791044776119403
316,16,17,[32.1],2502.1000000000004,0.7537132141411128,0,4.385651511922774,1251.0500000000002,1876.5750000000003,9680.9,0,0,0,0,0,0.0,0.0,0.0,0,0,0,0.0,0.0,0.0,7,1,6,295.5,20.0,275.5,0.0,0.0,0.0,0.0,0,0,,
317,16,18,[38.18],3860.85,0.8056215057057516,0,8.459853351969569,1430.425,2145.6375,4114.25,0,0,0,0,0,0.0,0.0,0.0,0,0,0,0.0,0.0,0.0,11,4,7,197.15,43.0,154.15,0.0,0.0,0.0,0.0,0,0,,
318,16,19,[26.82],6218.200000000001,0.1549415706690297,0,6.799325210456356,3109.1000000000004,4663.650000000001,15705.8,0,0,0,0,0,0.0,0.0,0.0,0,0,0,0.0,0.0,0.0,21,0,21,1261.0,0.0,1261.0,0.0,0.0,0.0,0.0,0,0,,
319,16,20,[27.83],3490.5000000000005,0.2838817991287459,0,8.749113941162914,1745.2500000000002,2617.8750000000005,9908.9,0,0,0,0,0,0.0,0.0,0.0,0,0,0,0.0,0.0,0.0,18,2,16,795.6,42.0,753.6,0.0,0.0,0.0,0.0,0,0,,
320,17,1,[27.54],2157.5,3.4060227631994944,0,8.883338602592476,157.5,472.5,1265.2,0,0,0,0,0,0.0,0.0,0.0,0,0,0,0.0,0.0,0.0,0,0,0,0.0,0.0,0.0,0.0,0.0,0.0,0.0,0,0,,
321,17,2,[31.18],9652.799999999996,1.790614353404069,49,10.532925067448131,4826.399999999998,7239.599999999997,46630.39999999998,3,46,42,3,39,496.0,6517.45,7013.45,38,0,38,1243.15,0.0,1243.15,234,40,194,9676.1,1101.3,8574.8,340.9859747490271,418.9540994682104,0.0,190.7128062805239,0,0,2.7407128062805235,1.9387755102040816
322,17,3,[32.33],4966.650000000003,1.3598160305626645,0,8.653385955639607,2483.3250000000016,3724.9875000000025,13799.250000000002,0,0,0,0,0,0.0,0.0,0.0,10,0,10,308.15,0.0,308.15,104,11,93,3014.85,223.9,2790.95,0.0,0.0,0.0,0.0,0,0,,
323,17,4,[31.47],8016.250000000004,0.8073584702975615,0,7.77223860779888,4008.125000000002,6012.187500000003,12746.650000000001,0,0,0,0,0,0.0,0.0,0.0,14,0,14,556.6,0.0,556.6,116,15,101,3437.65,221.15,3216.5,0.0,0.0,0.0,0.0,0,0,,
324,17,5,[40.11],4758.450000000001,0.3070257238383333,0,8.320740415538925,2379.2250000000004,3568.8375000000005,5380.249999999999,0,0,0,0,0,0.0,0.0,0.0,0,0,0,0.0,0.0,0.0,30,4,26,983.55,53.0,930.55,0.0,0.0,0.0,0.0,0,0,,
325,17,6,[25.55],8303.139999999994,0.9935132236728103,79,10.347971299382332,4151.569999999997,6227.354999999996,40098.65999999999,11,68,62,10,52,1978.86,6335.58,8314.44,29,1,28,929.0,30.0,899.0,219,28,191,9513.36,660.75,8852.61,431.83790837281447,539.7973854660182,113.90086294513995,142.37607868142493,0,0,0.17070106599105525,1.860759493670886
326,17,7,[32.69],6098.1,2.1971189362226053,0,9.222488795863086,3049.05,4573.575000000001,1731.4,0,0,0,0,0,0.0,0.0,0.0,0,0,0,0.0,0.0,0.0,3,0,3,107.0,0.0,107.0,0.0,0.0,0.0,0.0,0,0,,
327,17,8,[31.28],5823.900000000001,0.4445670540363461,0,7.335166488499595,2911.9500000000003,4367.925,3386.8999999999996,0,0,0,0,0,0.0,0.0,0.0,0,0,0,0.0,0.0,0.0,20,1,19,487.0,20.0,467.0,0.0,0.0,0.0,0.0,0,0,,
328,17,9,[37.02],10480.300000000001,1.5199655083211174,0,0.9415969647322584,5240.150000000001,7860.225,29042.5,0,0,0,0,0,0.0,0.0,0.0,0,0,0,0.0,0.0,0.0,2,2,0,50.0,50.0,0.0,0.0,0.0,0.0,0.0,0,0,,
329,17,10,[31.36],3496.6,1.7495717576640613,0,6.6515323987477615,748.3,1122.4499999999998,5089.9,0,0,0,0,0,0.0,0.0,0.0,0,0,0,0.0,0.0,0.0,1,0,1,11.0,0.0,11.0,0.0,0.0,0.0,0.0,0,0,,
330,17,11,[30.97],1182.6,0.13139122831239358,64,10.235589442680284,591.3,886.9499999999999,2540.5,7,57,55,7,48,709.56,7679.8,8389.36,25,1,24,695.2,11.0,684.2,15,2,13,367.6,19.4,348.2,591.7001603124436,739.6252003905546,0.0,172.56183061725037,0,0,2.9425618306172505,1.890625
331,17,12,[30.64],2650.8,2.9440044411547,0,6.678903923019986,325.4,488.09999999999997,2981.2,0,0,0,0,0,0.0,0.0,0.0,11,2,9,526.1,31.0,495.1,6,0,6,279.2,0.0,279.2,0.0,0.0,0.0,0.0,0,0,,
332,17,13,[27.57],2402.2,4.213717305786613,0,10.256769868772702,701.0999999999999,1051.6499999999999,3752.5,0,0,0,0,0,0.0,0.0,0.0,0,0,0,0.0,0.0,0.0,14,3,11,422.4,51.0,371.4,0.0,0.0,0.0,0.0,0,0,,
333,17,14,[28.71],1550.8000000000002,0.30980166557089633,0,7.994180802103879,775.4000000000001,1163.1000000000001,3919.4,0,0,0,0,0,0.0,0.0,0.0,0,0,0,0.0,0.0,0.0,11,0,11,269.0,0.0,269.0,0.0,0.0,0.0,0.0,0,0,,
334,17,15,[29.93],998.8000000000001,0.16682016075016742,0,1.08841259209645,998.8000000000001,2996.4,2388.8,0,0,0,0,0,0.0,0.0,0.0,0,0,0,0.0,0.0,0.0,0,0,0,0.0,0.0,0.0,0.0,0.0,0.0,0.0,0,0,,
335,17,16,[27.17],3595.750000000002,0.010584307178631052,67,9.393620116861424,1797.875000000001,2696.8125000000014,15890.550000000005,9,58,55,7,48,1004.6,7602.37,8606.97,33,3,30,769.0,42.0,727.0,117,14,103,3910.55,241.0,3669.55,617.8675272227289,772.334409028411,158.59456315023976,198.2432039377997,0,0,1.1816350971398732,1.8656716417910448
336,17,17,[32.1],2502.1000000000004,0.7537132141411128,0,4.385651511922774,1251.0500000000002,1876.5750000000003,9680.9,0,0,0,0,0,0.0,0.0,0.0,0,0,0,0.0,0.0,0.0,7,1,6,295.5,20.0,275.5,0.0,0.0,0.0,0.0,0,0,,
337,17,18,[38.18],4860.85,0.8056215057057516,0,6.459853351969569,1430.425,2145.6375,4114.25,0,0,0,0,0,0.0,0.0,0.0,0,0,0,0.0,0.0,0.0,11,4,7,197.15,43.0,154.15,0.0,0.0,0.0,0.0,0,0,,
338,17,19,[26.82],6218.200000000001,0.1549415706690297,4,6.799325210456356,3109.1000000000004,4663.650000000001,15705.8,0,4,2,0,2,0.0,400.0,400.0,2,0,2,100.0,0.0,100.0,21,0,21,1261.0,0.0,1261.0,0.0,200.79845255629812,0.0,200.79845255629812,0,0,2.510798452556298,2.0
339,17,20,[27.83],3490.5000000000005,0.2838817991287459,48,8.749113941162914,1745.2500000000002,2617.8750000000005,9908.9,6,42,35,6,29,1051.5,5165.3,6216.8,13,0,13,458.35,0.0,458.35,18,2,16,795.6,42.0,753.6,415.55827695895965,519.4478461986997,0.0,149.36509435571972,0,0,3.319365094355719,1.875
340,18,1,[27.54],2157.5,3.4060227631994944,0,8.883338602592476,157.5,472.5,1265.2,0,0,0,0,0,0.0,0.0,0.0,0,0,0,0.0,0.0,0.0,0,0,0,0.0,0.0,0.0,0.0,0.0,0.0,0.0,0,0,,
341,18,2,[31.18],10401.649999999996,1.790614353404069,56,8.784075067448128,5200.824999999998,7801.237499999997,46881.54999999998,17,39,50,17,33,1799.3,6316.96,8116.26,33,0,33,1136.55,0.0,1136.55,245,40,205,9927.25,1101.3,8825.95,630.536065917617,788.1700823970211,0.0,190.7128062805239,0,0,2.7407128062805235,1.6964285714285714
342,18,3,[32.33],5658.500000000004,1.3598160305626645,0,6.961535955639605,2829.250000000002,4243.875000000003,14107.400000000001,0,0,0,0,0,0.0,0.0,0.0,0,0,0,0.0,0.0,0.0,114,11,103,3323.0,223.9,3099.1,0.0,0.0,0.0,0.0,0,0,,
343,18,4,[31.47],7736.650000000004,0.8073584702975615,0,8.05183860779888,3868.325000000002,5802.487500000003,13026.250000000002,0,0,0,0,0,0.0,0.0,0.0,5,0,5,277.0,0.0,277.0,125,15,110,3717.25,221.15,3496.1,0.0,0.0,0.0,0.0,0,0,,
344,18,5,[40.11],4758.450000000001,0.3070257238383333,0,8.320740415538925,2379.2250000000004,3568.8375000000005,5380.249999999999,0,0,0,0,0,0.0,0.0,0.0,0,0,0,0.0,0.0,0.0,30,4,26,983.55,53.0,930.55,0.0,0.0,0.0,0.0,0,0,,
345,18,6,[25.55],7900.339999999995,0.9935132236728103,59,10.780771299382328,3950.1699999999973,5925.254999999996,40501.459999999985,7,52,44,7,37,1269.0,4977.46,6246.46,31,0,31,1010.0,0.0,1010.0,232,29,203,9916.16,690.75,9225.41,431.8379083728145,539.7973854660183,0.0,142.37607868142499,0,0,0.1723760786814249,1.88135593220339
346,18,7,[32.69],6098.1,2.1971189362226053,0,9.222488795863086,3049.05,4573.575000000001,1731.4,0,0,0,0,0,0.0,0.0,0.0,0,0,0,0.0,0.0,0.0,3,0,3,107.0,0.0,107.0,0.0,0.0,0.0,0.0,0,0,,
347,18,8,[31.28],5823.900000000001,0.4445670540363461,0,7.335166488499595,2911.9500000000003,4367.925,3386.8999999999996,0,0,0,0,0,0.0,0.0,0.0,0,0,0,0.0,0.0,0.0,20,1,19,487.0,20.0,467.0,0.0,0.0,0.0,0.0,0,0,,
348,18,9,[37.02],10480.300000000001,1.5199655083211174,0,0.9415969647322584,5240.150000000001,7860.225,29042.5,0,0,0,0,0,0.0,0.0,0.0,0,0,0,0.0,0.0,0.0,2,2,0,50.0,50.0,0.0,0.0,0.0,0.0,0.0,0,0,,
349,18,10,[31.36],3496.6,1.7495717576640613,0,6.6515323987477615,748.3,1122.4499999999998,5089.9,0,0,0,0,0,0.0,0.0,0.0,0,0,0,0.0,0.0,0.0,1,0,1,11.0,0.0,11.0,0.0,0.0,0.0,0.0,0,0,,
350,18,11,[30.97],1127.6,0.13139122831239358,76,10.290589442680284,563.8,845.6999999999999,2595.5,16,60,65,16,49,2336.99,6310.29,8647.28,34,1,33,932.2,11.0,921.2,17,2,15,422.6,19.4,403.2,591.7001603124436,728.4229066332069,0.0,172.56183061725034,0,0,2.9425618306172505,1.7894736842105263
351,18,12,[30.64],2639.8,2.9440044411547,0,6.700903923019986,1319.9,1979.8500000000001,2992.2,0,0,0,0,0,0.0,0.0,0.0,10,1,9,515.1,20.0,495.1,7,1,6,290.2,11.0,279.2,0.0,0.0,0.0,0.0,0,0,,
352,18,13,[27.57],3402.2,4.213717305786613,0,8.256769868772702,701.0999999999999,1051.6499999999999,3752.5,0,0,0,0,0,0.0,0.0,0.0,0,0,0,0.0,0.0,0.0,14,3,11,422.4,51.0,371.4,0.0,0.0,0.0,0.0,0,0,,
353,18,14,[28.71],1550.8000000000002,0.30980166557089633,0,7.994180802103879,775.4000000000001,1163.1000000000001,3919.4,0,0,0,0,0,0.0,0.0,0.0,0,0,0,0.0,0.0,0.0,11,0,11,269.0,0.0,269.0,0.0,0.0,0.0,0.0,0,0,,
354,18,15,[29.93],998.8000000000001,0.16682016075016742,0,1.08841259209645,998.8000000000001,2996.4,2388.8,0,0,0,0,0,0.0,0.0,0.0,0,0,0,0.0,0.0,0.0,0,0,0,0.0,0.0,0.0,0.0,0.0,0.0,0.0,0,0,,
355,18,16,[27.17],3341.750000000002,0.010584307178631052,57,9.667620116861421,1670.875000000001,2506.3125000000014,16144.550000000005,8,49,48,7,41,1492.7,6811.75,8304.45,32,3,29,817.0,33.0,784.0,127,15,112,4164.55,261.0,3903.55,617.8675272227289,772.334409028411,158.59456315023976,198.2432039377997,0,0,1.1838377994058487,1.8596491228070176
356,18,17,[32.1],2502.1000000000004,0.7537132141411128,0,4.385651511922774,1251.0500000000002,1876.5750000000003,9680.9,0,0,0,0,0,0.0,0.0,0.0,0,0,0,0.0,0.0,0.0,7,1,6,295.5,20.0,275.5,0.0,0.0,0.0,0.0,0,0,,
357,18,18,[38.18],4860.85,0.8056215057057516,0,6.459853351969569,1430.425,2145.6375,4114.25,0,0,0,0,0,0.0,0.0,0.0,0,0,0,0.0,0.0,0.0,11,4,7,197.15,43.0,154.15,0.0,0.0,0.0,0.0,0,0,,
358,18,19,[26.82],6218.200000000001,0.1549415706690297,0,6.799325210456356,3109.1000000000004,4663.650000000001,15705.8,0,0,0,0,0,0.0,0.0,0.0,2,0,2,100.0,0.0,100.0,21,0,21,1261.0,0.0,1261.0,0.0,0.0,0.0,0.0,0,0,,
359,18,20,[27.83],3490.5000000000005,0.2838817991287459,63,8.749113941162914,1745.2500000000002,2617.8750000000005,9908.9,10,53,52,10,42,1625.3,6316.87,7942.17,24,0,24,762.55,0.0,762.55,18,2,16,795.6,42.0,753.6,415.5582769589597,519.4478461986995,0.0,149.36509435571972,0,0,3.319365094355719,1.8412698412698412
360,19,1,[27.54],2157.5,3.4060227631994944,0,8.883338602592476,157.5,472.5,1265.2,0,0,0,0,0,0.0,0.0,0.0,0,0,0,0.0,0.0,0.0,0,0,0,0.0,0.0,0.0,0.0,0.0,0.0,0.0,0,0,,
361,19,2,[31.18],10781.649999999996,1.790614353404069,42,7.404075067448127,5390.824999999998,8086.237499999997,47501.54999999998,8,34,36,7,29,1589.0,5067.2,6656.2,25,1,24,653.55,15.0,638.55,259,40,219,10547.25,1101.3,9445.95,340.9859747490271,426.2324684362837,152.5702450244191,190.7128062805239,0,0,2.7343557127378393,1.8095238095238095
362,19,3,[32.33],5658.500000000004,1.3598160305626645,0,6.961535955639605,2829.250000000002,4243.875000000003,14107.400000000001,0,0,0,0,0,0.0,0.0,0.0,0,0,0,0.0,0.0,0.0,114,11,103,3323.0,223.9,3099.1,0.0,0.0,0.0,0.0,0,0,,
363,19,4,[31.47],7459.650000000004,0.8073584702975615,0,8.328838607798879,3729.825000000002,5594.737500000003,13303.250000000002,0,0,0,0,0,0.0,0.0,0.0,0,0,0,0.0,0.0,0.0,130,15,115,3994.25,221.15,3773.1,0.0,0.0,0.0,0.0,0,0,,
364,19,5,[40.11],4758.450000000001,0.3070257238383333,0,8.320740415538925,2379.2250000000004,3568.8375000000005,5380.249999999999,0,0,0,0,0,0.0,0.0,0.0,0,0,0,0.0,0.0,0.0,30,4,26,983.55,53.0,930.55,0.0,0.0,0.0,0.0,0,0,,
365,19,6,[25.55],8374.139999999994,0.9935132236728103,55,9.306971299382328,4187.069999999997,6280.604999999996,41027.65999999998,9,46,42,7,35,417.99,5306.39,5724.38,28,2,26,951.35,31.0,920.35,248,29,219,10442.36,690.75,9751.61,431.8379083728145,539.7973854660182,113.90086294513995,142.37607868142496,0,0,0.167995276260458,1.8363636363636364
366,19,7,[32.69],6098.1,2.1971189362226053,0,9.222488795863086,3049.05,4573.575000000001,1731.4,0,0,0,0,0,0.0,0.0,0.0,0,0,0,0.0,0.0,0.0,3,0,3,107.0,0.0,107.0,0.0,0.0,0.0,0.0,0,0,,
367,19,8,[31.28],5823.900000000001,0.4445670540363461,0,7.335166488499595,2911.9500000000003,4367.925,3386.8999999999996,0,0,0,0,0,0.0,0.0,0.0,0,0,0,0.0,0.0,0.0,20,1,19,487.0,20.0,467.0,0.0,0.0,0.0,0.0,0,0,,
368,19,9,[37.02],10480.300000000001,1.5199655083211174,0,0.9415969647322584,5240.150000000001,7860.225,29042.5,0,0,0,0,0,0.0,0.0,0.0,0,0,0,0.0,0.0,0.0,2,2,0,50.0,50.0,0.0,0.0,0.0,0.0,0.0,0,0,,
369,19,10,[31.36],3496.6,1.7495717576640613,0,6.6515323987477615,748.3,1122.4499999999998,5089.9,0,0,0,0,0,0.0,0.0,0.0,0,0,0,0.0,0.0,0.0,1,0,1,11.0,0.0,11.0,0.0,0.0,0.0,0.0,0,0,,
370,19,11,[30.97],871.1999999999998,0.13139122831239358,57,10.557989442680284,435.5999999999999,653.3999999999999,2851.8999999999996,10,47,48,10,38,985.96,5058.15,6044.11,36,0,36,884.8,0.0,884.8,24,3,21,679.0,30.4,648.6,591.7001603124436,739.6252003905544,0.0,172.56183061725037,0,0,2.9425618306172505,1.8245614035087718
371,19,12,[30.64],2239.7000000000003,2.9440044411547,0,7.121003923019985,1119.8500000000001,1679.775,3392.2999999999997,0,0,0,0,0,0.0,0.0,0.0,2,0,2,115.0,0.0,115.0,15,2,13,690.3,31.0,659.3,0.0,0.0,0.0,0.0,0,0,,
372,19,13,[27.57],4402.2,4.213717305786613,0,6.256769868772702,701.0999999999999,1051.6499999999999,3752.5,0,0,0,0,0,0.0,0.0,0.0,0,0,0,0.0,0.0,0.0,14,3,11,422.4,51.0,371.4,0.0,0.0,0.0,0.0,0,0,,
373,19,14,[28.71],1550.8000000000002,0.30980166557089633,0,7.994180802103879,775.4000000000001,1163.1000000000001,3919.4,0,0,0,0,0,0.0,0.0,0.0,0,0,0,0.0,0.0,0.0,11,0,11,269.0,0.0,269.0,0.0,0.0,0.0,0.0,0,0,,
374,19,15,[29.93],998.8000000000001,0.16682016075016742,0,1.08841259209645,998.8000000000001,2996.4,2388.8,0,0,0,0,0,0.0,0.0,0.0,0,0,0,0.0,0.0,0.0,0,0,0,0.0,0.0,0.0,0.0,0.0,0.0,0.0,0,0,,
375,19,16,[27.17],3073.750000000002,0.010584307178631052,60,9.957620116861417,1536.875000000001,2305.3125000000014,16412.550000000003,11,49,49,10,39,867.76,5430.4,6298.16,30,2,28,845.2,22.0,823.2,140,17,123,4432.55,283.0,4149.55,617.8675272227287,772.3344090284111,158.59456315023976,198.2432039377997,0,0,1.1846387820480215,1.8166666666666667
376,19,17,[32.1],2502.1000000000004,0.7537132141411128,0,4.385651511922774,1251.0500000000002,1876.5750000000003,9680.9,0,0,0,0,0,0.0,0.0,0.0,0,0,0,0.0,0.0,0.0,7,1,6,295.5,20.0,275.5,0.0,0.0,0.0,0.0,0,0,,
377,19,18,[38.18],4860.85,0.8056215057057516,0,6.459853351969569,1430.425,2145.6375,4114.25,0,0,0,0,0,0.0,0.0,0.0,0,0,0,0.0,0.0,0.0,11,4,7,197.15,43.0,154.15,0.0,0.0,0.0,0.0,0,0,,
378,19,19,[26.82],6218.200000000001,0.1549415706690297,27,6.799325210456356,3109.1000000000004,4663.650000000001,15705.8,5,22,15,3,12,645.0,2402.2,3047.2,14,2,12,748.7,31.0,717.7,21,0,21,1261.0,0.0,1261.0,202.17648078765436,244.1076420988306,160.6387620450385,200.79845255629812,0,0,2.5041051708044217,1.8148148148148149
379,19,20,[27.83],3490.5000000000005,0.2838817991287459,70,8.749113941162914,1745.2500000000002,2617.8750000000005,9908.9,12,58,57,11,46,2031.5,8812.47,10843.97,37,1,36,1173.25,30.0,1143.25,18,2,16,795.6,42.0,753.6,415.5582769589597,519.4478461986994,119.49207548457576,149.36509435571972,0,0,3.3170671698271694,1.8285714285714285
380,20,1,[27.54],2157.5,3.4060227631994944,0,8.883338602592476,157.5,472.5,1265.2,0,0,0,0,0,0.0,0.0,0.0,0,0,0,0.0,0.0,0.0,0,0,0,0.0,0.0,0.0,0.0,0.0,0.0,0.0,0,0,,
381,20,2,[31.18],10664.649999999996,1.790614353404069,64,7.521075067448125,5332.324999999998,7998.487499999997,47618.54999999998,10,54,52,10,42,1153.35,6724.92,7878.27,31,1,30,842.75,15.0,827.75,265,40,225,10664.25,1101.3,9562.95,630.536065917617,788.1700823970211,0.0,190.7128062805239,0,0,2.7407128062805235,1.84375
382,20,3,[32.33],5658.500000000004,1.3598160305626645,0,6.961535955639605,2829.250000000002,4243.875000000003,14107.400000000001,0,0,0,0,0,0.0,0.0,0.0,0,0,0,0.0,0.0,0.0,114,11,103,3323.0,223.9,3099.1,0.0,0.0,0.0,0.0,0,0,,
383,20,4,[31.47],7459.650000000004,0.8073584702975615,48,8.328838607798879,3729.825000000002,5594.737500000003,13303.250000000002,10,38,43,10,33,1000.0,6675.99,7675.99,5,0,5,180.0,0.0,180.0,130,15,115,3994.25,221.15,3773.1,565.6415165220768,707.0518956525959,0.0,210.27107603822083,0,0,3.140271076038221,1.7916666666666667
384,20,5,[40.11],4758.450000000001,0.3070257238383333,0,8.320740415538925,2379.2250000000004,3568.8375000000005,5380.249999999999,0,0,0,0,0,0.0,0.0,0.0,0,0,0,0.0,0.0,0.0,30,4,26,983.55,53.0,930.55,0.0,0.0,0.0,0.0,0,0,,
385,20,6,[25.55],8859.339999999993,0.9935132236728103,62,7.852771299382327,4429.669999999996,6644.504999999995,41542.45999999998,12,50,45,9,36,1491.0,7289.3,8780.3,28,3,25,957.2,62.0,895.2,265,31,234,10957.16,721.75,10235.41,431.8379083728145,539.7973854660182,113.90086294513996,142.37607868142499,0,0,0.1673510406103158,1.8064516129032258
386,20,7,[32.69],6098.1,2.1971189362226053,0,9.222488795863086,3049.05,4573.575000000001,1731.4,0,0,0,0,0,0.0,0.0,0.0,0,0,0,0.0,0.0,0.0,3,0,3,107.0,0.0,107.0,0.0,0.0,0.0,0.0,0,0,,
387,20,8,[31.28],5823.900000000001,0.4445670540363461,0,7.335166488499595,2911.9500000000003,4367.925,3386.8999999999996,0,0,0,0,0,0.0,0.0,0.0,0,0,0,0.0,0.0,0.0,20,1,19,487.0,20.0,467.0,0.0,0.0,0.0,0.0,0,0,,
388,20,9,[37.02],10480.300000000001,1.5199655083211174,0,0.9415969647322584,5240.150000000001,7860.225,29042.5,0,0,0,0,0,0.0,0.0,0.0,0,0,0,0.0,0.0,0.0,2,2,0,50.0,50.0,0.0,0.0,0.0,0.0,0.0,0,0,,
389,20,10,[31.36],3496.6,1.7495717576640613,0,6.6515323987477615,748.3,1122.4499999999998,5089.9,0,0,0,0,0,0.0,0.0,0.0,0,0,0,0.0,0.0,0.0,1,0,1,11.0,0.0,11.0,0.0,0.0,0.0,0.0,0,0,,
390,20,11,[30.97],1690.9999999999998,0.13139122831239358,6,8.738189442680282,845.4999999999999,1268.2499999999998,3032.0999999999995,1,5,3,0,3,0.0,282.0,282.0,32,1,31,849.6,50.0,799.6,31,3,28,859.2,30.4,828.8,0.0,172.56183061725037,138.0494644938003,172.56183061725037,0,0,2.9310577085761005,1.8333333333333333
391,20,12,[30.64],2124.7000000000003,2.9440044411547,0,7.236003923019985,1062.3500000000001,1593.525,3507.2999999999997,0,0,0,0,0,0.0,0.0,0.0,0,0,0,0.0,0.0,0.0,17,2,15,805.3,31.0,774.3,0.0,0.0,0.0,0.0,0,0,,
392,20,13,[27.57],4402.2,4.213717305786613,0,6.256769868772702,701.0999999999999,1051.6499999999999,3752.5,0,0,0,0,0,0.0,0.0,0.0,0,0,0,0.0,0.0,0.0,14,3,11,422.4,51.0,371.4,0.0,0.0,0.0,0.0,0,0,,
393,20,14,[28.71],1550.8000000000002,0.30980166557089633,9,7.994180802103879,775.4000000000001,1163.1000000000001,3919.4,1,8,8,1,7,55.0,712.0,767.0,1,0,1,20.0,0.0,20.0,11,0,11,269.0,0.0,269.0,379.09706556288904,473.87133195361133,0.0,223.298013761353,0,0,1.773298013761353,1.8888888888888888
394,20,15,[29.93],998.8000000000001,0.16682016075016742,0,1.08841259209645,998.8000000000001,2996.4,2388.8,0,0,0,0,0,0.0,0.0,0.0,0,0,0,0.0,0.0,0.0,0,0,0,0.0,0.0,0.0,0.0,0.0,0.0,0.0,0,0,,
395,20,16,[27.17],3815.750000000002,0.010584307178631052,59,8.226620116861413,1907.875000000001,2861.8125000000014,16670.550000000003,8,51,49,7,42,602.2,6076.0,6678.2,29,2,27,763.6,22.0,741.6,151,18,133,4690.55,294.0,4396.55,617.8675272227289,772.334409028411,158.59456315023976,198.2432039377997,0,0,1.1842783398590437,1.8644067796610169
396,20,17,[32.1],2502.1000000000004,0.7537132141411128,0,4.385651511922774,1251.0500000000002,1876.5750000000003,9680.9,0,0,0,0,0,0.0,0.0,0.0,0,0,0,0.0,0.0,0.0,7,1,6,295.5,20.0,275.5,0.0,0.0,0.0,0.0,0,0,,
397,20,18,[38.18],4860.85,0.8056215057057516,0,6.459853351969569,1430.425,2145.6375,4114.25,0,0,0,0,0,0.0,0.0,0.0,0,0,0,0.0,0.0,0.0,11,4,7,197.15,43.0,154.15,0.0,0.0,0.0,0.0,0,0,,
398,20,19,[26.82],6218.200000000001,0.1549415706690297,0,6.799325210456356,3109.1000000000004,4663.650000000001,15705.8,0,0,0,0,0,0.0,0.0,0.0,14,2,12,748.7,31.0,717.7,21,0,21,1261.0,0.0,1261.0,0.0,0.0,0.0,0.0,0,0,,
399,20,20,[27.83],3490.5000000000005,0.2838817991287459,63,8.749113941162914,1745.2500000000002,2617.8750000000005,9908.9,8,55,49,8,41,803.36,6002.2,6805.56,51,1,50,1740.85,30.0,1710.85,18,2,16,795.6,42.0,753.6,415.5582769589597,511.42991839581725,0.0,149.36509435571972,0,0,3.3193650943557187,1.873015873015873
