,model_step,node_id,lmp,available_capacity,queue_size_normalized_by_capacity,num_projects,congestion_indicator,mw_threshold_1,mw_threshold_2,installed_capacity,new_eris_count,new_nris_count,new_dropped_out,dropped_out_eris_count,dropped_out_nris_count,dropped_out_eris_mw,dropped_out_nris_mw,dropped_out_mw,total_pending_count,pending_eris_count,pending_nris_count,pending_mw,pending_eris_mw,pending_nris_mw,total_online_count,online_eris_count,online_nris_count,online_mw,online_eris_mw,online_nris_mw,avg_cost_eris_dropped_out,avg_cost_nris_dropped_out,avg_cost_eris_pending,avg_cost_nris_pending,avg_cost_eris_online,avg_cost_nris_online,avg_construction_time,avg_study_time
0,1,1,[27.54],126.52000000000001,3.4060227631994944,0,12.883338602592476,63.260000000000005,94.89000000000001,1265.2,0,0,0,0,0,0.0,0.0,0.0,0,0,0,0.0,0,0.0,0,0,0,0.0,0,0.0,0.0,0.0,0,0.0,0,0,,
1,1,2,[31.18],3695.4300000000003,1.790614353404069,0,7.755525067448172,1847.7150000000001,2771.5725,36954.3,0,0,0,0,0,0.0,0.0,0.0,0,0,0,0.0,0,0.0,0,0,0,0.0,0,0.0,0.0,0.0,0,0.0,0,0,,
2,1,3,[32.33],1078.44,1.3598160305626645,0,11.414635955639628,539.22,808.83,10784.4,0,0,0,0,0,0.0,0.0,0.0,0,0,0,0.0,0,0.0,0,0,0,0.0,0,0.0,0.0,0.0,0,0.0,0,0,,
3,1,4,[31.47],930.9000000000001,0.8073584702975615,20,16.113438607798905,465.45000000000005,698.1750000000001,9309.0,15,5,15,15,0,1909.2,0.0,1909.2,5,0,5,260.0,0,260.0,0,0,0,0.0,0,0.0,12478.0,0.0,0,5200.0,0,0,7.0,1.25
4,1,5,[40.11],439.67,0.3070257238383333,221,15.284190415538928,219.835,329.7525,4396.7,122,99,136,122,14,17198.12,3733.5,20931.62,85,0,85,8180.35,0,8180.35,0,0,0,0.0,0,0.0,14096.819672131147,266678.5714285714,0,96239.41176470589,0,0,7.0,1.4479638009049773
5,1,6,[25.55],3058.53,0.9935132236728103,0,8.173861299382382,1529.265,2293.8975,30585.3,0,0,0,0,0,0.0,0.0,0.0,0,0,0,0.0,0,0.0,0,0,0,0.0,0,0.0,0.0,0.0,0,0.0,0,0,,
6,1,7,[32.69],162.44000000000003,2.1971189362226053,0,21.115488795863087,81.22000000000001,121.83000000000001,1624.4,0,0,0,0,0,0.0,0.0,0.0,0,0,0,0.0,0,0.0,0,0,0,0.0,0,0.0,0.0,0.0,0,0.0,0,0,,
7,1,8,[31.28],289.99,0.4445670540363461,0,16.8281664884996,144.995,217.4925,2899.9,0,0,0,0,0,0.0,0.0,0.0,0,0,0,0.0,0,0.0,0,0,0,0.0,0,0.0,0.0,0.0,0,0.0,0,0,,
8,1,9,[37.02],2899.25,1.5199655083211174,191,0.8415969647322583,1449.625,2174.4375,28992.5,114,77,125,114,11,14033.72,2694.6,16728.32,66,0,66,6809.9,0,6809.9,0,0,0,0.0,0,0.0,12310.280701754386,244963.63636363635,0,103180.30303030302,0,0,7.0,1.4031413612565444
9,1,10,[31.36],507.89,1.7495717576640613,0,12.640532398747762,253.945,380.9175,5078.9,0,0,0,0,0,0.0,0.0,0.0,0,0,0,0.0,0,0.0,0,0,0,0.0,0,0.0,0.0,0.0,0,0.0,0,0,,
10,1,11,[30.97],217.29000000000002,0.13139122831239358,0,9.848589442680288,108.64500000000001,162.96750000000003,2172.9,0,0,0,0,0,0.0,0.0,0.0,0,0,0,0.0,0,0.0,0,0,0,0.0,0,0.0,0.0,0.0,0,0.0,0,0,,
11,1,12,[30.64],270.2,2.9440044411547,0,10.399703923019986,135.1,202.64999999999998,2702.0,0,0,0,0,0,0.0,0.0,0.0,0,0,0,0.0,0,0.0,0,0,0,0.0,0,0.0,0.0,0.0,0,0.0,0,0,,
12,1,13,[27.57],333.01,4.213717305786613,0,13.78336986877271,166.505,249.7575,3330.1,0,0,0,0,0,0.0,0.0,0.0,0,0,0,0.0,0,0.0,0,0,0,0.0,0,0.0,0.0,0.0,0,0.0,0,0,,
13,1,14,[28.71],365.04,0.30980166557089633,0,7.725180802103879,182.52,273.78000000000003,3650.4,0,0,0,0,0,0.0,0.0,0.0,0,0,0,0.0,0,0.0,0,0,0,0.0,0,0.0,0.0,0.0,0,0.0,0,0,,
14,1,15,[29.93],238.88000000000002,0.16682016075016742,0,1.08841259209645,119.44000000000001,179.16000000000003,2388.8,0,0,0,0,0,0.0,0.0,0.0,0,0,0,0.0,0,0.0,0,0,0,0.0,0,0.0,0.0,0.0,0,0.0,0,0,,
15,1,16,[27.17],1198.0,0.010584307178631052,163,5.242070116861435,599.0,898.5,11980.0,88,75,102,88,14,11960.76,3291.8,15252.56,61,0,61,7162.39,0,7162.39,0,0,0,0.0,0,0.0,13591.772727272728,235128.57142857142,0,117416.22950819672,0,0,7.0,1.460122699386503
16,1,17,[32.1],938.54,0.7537132141411128,27,4.0701515119227745,469.27,703.905,9385.4,16,11,17,16,1,2226.0,300.0,2526.0,10,0,10,1806.0,0,1806.0,0,0,0,0.0,0,0.0,13912.5,300000.0,0,180600.0,0,0,7.0,1.4074074074074074
17,1,18,[38.18],391.71000000000004,0.8056215057057516,0,14.21970335196957,195.85500000000002,293.7825,3917.1,0,0,0,0,0,0.0,0.0,0.0,0,0,0,0.0,0,0.0,0,0,0,0.0,0,0.0,0.0,0.0,0,0.0,0,0,,
18,1,19,[26.82],1444.48,0.1549415706690297,0,5.5383252104563585,722.24,1083.3600000000001,14444.8,0,0,0,0,0,0.0,0.0,0.0,0,0,0,0.0,0,0.0,0,0,0,0.0,0,0.0,0.0,0.0,0,0.0,0,0,,
19,1,20,[27.83],911.3299999999999,0.2838817991287459,0,7.911513941162915,455.66499999999996,683.4975,9113.3,0,0,0,0,0,0.0,0.0,0.0,0,0,0,0.0,0,0.0,0,0,0,0.0,0,0.0,0.0,0.0,0,0.0,0,0,,
20,2,1,[27.54],126.52000000000001,3.4060227631994944,0,12.883338602592476,63.260000000000005,94.89000000000001,1265.2,0,0,0,0,0,0.0,0.0,0.0,0,0,0,0.0,0,0.0,0,0,0,0.0,0,0.0,0.0,0.0,0,0.0,0,0,,
21,2,2,[31.18],3695.4300000000003,1.790614353404069,0,7.755525067448172,1847.7150000000001,2771.5725,36954.3,0,0,0,0,0,0.0,0.0,0.0,0,0,0,0.0,0,0.0,0,0,0,0.0,0,0.0,0.0,0.0,0,0.0,0,0,,
22,2,3,[32.33],1078.44,1.3598160305626645,8,11.414635955639628,539.22,808.83,10784.4,5,3,6,5,1,817.2,500.0,1317.2,2,0,2,123.0,0,123.0,0,0,0,0.0,0,0.0,16344.0,500000.0,0,61500.0,0,0,7.0,1.375
23,2,4,[31.47],930.9000000000001,0.8073584702975615,46,16.113438607798905,465.45000000000005,698.1750000000001,9309.0,31,15,32,31,1,4787.67,260.0,5047.67,19,0,19,1913.25,0,1913.25,0,0,0,0.0,0,0.0,15444.09677419355,260000.0,0,118089.28571428571,0,0,7.0,1.326086956521739
24,2,5,[40.11],439.67,0.3070257238383333,64,15.284190415538928,219.835,329.7525,4396.7,38,26,40,38,2,4750.95,550.0,5300.95,109,0,109,9800.55,0,9800.55,0,0,0,0.0,0,0.0,12502.5,275000.0,0,67508.33333333333,0,0,7.0,1.40625
25,2,6,[25.55],3058.53,0.9935132236728103,0,8.173861299382382,1529.265,2293.8975,30585.3,0,0,0,0,0,0.0,0.0,0.0,0,0,0,0.0,0,0.0,0,0,0,0.0,0,0.0,0.0,0.0,0,0.0,0,0,,
26,2,7,[32.69],162.44000000000003,2.1971189362226053,0,21.115488795863087,81.22000000000001,121.83000000000001,1624.4,0,0,0,0,0,0.0,0.0,0.0,0,0,0,0.0,0,0.0,0,0,0,0.0,0,0.0,0.0,0.0,0,0.0,0,0,,
27,2,8,[31.28],289.99,0.4445670540363461,0,16.8281664884996,144.995,217.4925,2899.9,0,0,0,0,0,0.0,0.0,0.0,0,0,0,0.0,0,0.0,0,0,0,0.0,0,0.0,0.0,0.0,0,0.0,0,0,,
28,2,9,[37.02],2899.25,1.5199655083211174,60,0.8415969647322583,1449.625,2174.4375,28992.5,37,23,37,37,0,3601.24,0.0,3601.24,89,0,89,9282.8,0,9282.8,0,0,0,0.0,0,0.0,9733.081081081082,0.0,0,107517.39130434782,0,0,7.0,1.3833333333333333
29,2,10,[31.36],507.89,1.7495717576640613,0,12.640532398747762,253.945,380.9175,5078.9,0,0,0,0,0,0.0,0.0,0.0,0,0,0,0.0,0,0.0,0,0,0,0.0,0,0.0,0.0,0.0,0,0.0,0,0,,
30,2,11,[30.97],217.29000000000002,0.13139122831239358,14,9.848589442680288,108.64500000000001,162.96750000000003,2172.9,9,5,11,9,2,1947.2,599.0,2546.2,3,0,3,136.0,0,136.0,0,0,0,0.0,0,0.0,21635.555555555555,299500.0,0,45333.333333333336,0,0,7.0,1.3571428571428572
31,2,12,[30.64],270.2,2.9440044411547,0,10.399703923019986,135.1,202.64999999999998,2702.0,0,0,0,0,0,0.0,0.0,0.0,0,0,0,0.0,0,0.0,0,0,0,0.0,0,0.0,0.0,0.0,0,0.0,0,0,,
32,2,13,[27.57],333.01,4.213717305786613,0,13.78336986877271,166.505,249.7575,3330.1,0,0,0,0,0,0.0,0.0,0.0,0,0,0,0.0,0,0.0,0,0,0,0.0,0,0.0,0.0,0.0,0,0.0,0,0,,
33,2,14,[28.71],365.04,0.30980166557089633,0,7.725180802103879,182.52,273.78000000000003,3650.4,0,0,0,0,0,0.0,0.0,0.0,0,0,0,0.0,0,0.0,0,0,0,0.0,0,0.0,0.0,0.0,0,0.0,0,0,,
34,2,15,[29.93],238.88000000000002,0.16682016075016742,0,1.08841259209645,119.44000000000001,179.16000000000003,2388.8,0,0,0,0,0,0.0,0.0,0.0,0,0,0,0.0,0,0.0,0,0,0,0.0,0,0.0,0.0,0.0,0,0.0,0,0,,
35,2,16,[27.17],1198.0,0.010584307178631052,60,5.242070116861435,599.0,898.5,11980.0,33,27,37,33,4,3794.06,1150.0,4944.06,84,0,84,9188.39,0,9188.39,0,0,0,0.0,0,0.0,11497.151515151516,287500.0,0,88086.95652173914,0,0,7.0,1.45
36,2,17,[32.1],938.54,0.7537132141411128,55,4.0701515119227745,469.27,703.905,9385.4,33,22,37,33,4,5118.0,1155.0,6273.0,28,0,28,4452.5,0,4452.5,0,0,0,0.0,0,0.0,15509.09090909091,288750.0,0,147027.77777777778,0,0,7.0,1.4
37,2,18,[38.18],391.71000000000004,0.8056215057057516,4,14.21970335196957,195.85500000000002,293.7825,3917.1,1,3,1,1,0,150.0,0.0,150.0,3,0,3,925.0,0,925.0,0,0,0,0.0,0,0.0,15000.0,0.0,0,308333.3333333333,0,0,7.0,1.75
38,2,19,[26.82],1444.48,0.1549415706690297,0,5.5383252104563585,722.24,1083.3600000000001,14444.8,0,0,0,0,0,0.0,0.0,0.0,0,0,0,0.0,0,0.0,0,0,0,0.0,0,0.0,0.0,0.0,0,0.0,0,0,,
39,2,20,[27.83],911.3299999999999,0.2838817991287459,0,7.911513941162915,455.66499999999996,683.4975,9113.3,0,0,0,0,0,0.0,0.0,0.0,0,0,0,0.0,0,0.0,0,0,0,0.0,0,0.0,0.0,0.0,0,0.0,0,0,,
40,3,1,[27.54],126.52000000000001,3.4060227631994944,0,12.883338602592476,63.260000000000005,94.89000000000001,1265.2,0,0,0,0,0,0.0,0.0,0.0,0,0,0,0.0,0,0.0,0,0,0,0.0,0,0.0,0.0,0.0,0,0.0,0,0,,
41,3,2,[31.18],3695.4300000000003,1.790614353404069,0,7.755525067448172,1847.7150000000001,2771.5725,36954.3,0,0,0,0,0,0.0,0.0,0.0,0,0,0,0.0,0,0.0,0,0,0,0.0,0,0.0,0.0,0.0,0,0.0,0,0,,
42,3,3,[32.33],1078.44,1.3598160305626645,19,11.414635955639628,539.22,808.83,10784.4,12,7,14,12,2,1567.55,646.0,2213.55,7,0,7,808.89,0,808.89,0,0,0,0.0,0,0.0,13062.916666666666,323000.0,0,137178.0,0,0,7.0,1.368421052631579
43,3,4,[31.47],930.9000000000001,0.8073584702975615,56,16.113438607798905,465.45000000000005,698.1750000000001,9309.0,28,28,31,28,3,4455.86,1000.0,5455.86,44,0,44,4724.15,0,4724.15,0,0,0,0.0,0,0.0,15913.785714285714,333333.3333333333,0,112436.0,0,0,7.0,1.5
44,3,5,[40.11],439.67,0.3070257238383333,67,15.284190415538928,219.835,329.7525,4396.7,47,20,50,47,3,4194.9,760.0,4954.9,126,0,126,11967.55,0,11967.55,0,0,0,0.0,0,0.0,8925.31914893617,253333.33333333334,0,127470.58823529411,0,0,7.0,1.2985074626865671
45,3,6,[25.55],3058.53,0.9935132236728103,0,8.173861299382382,1529.265,2293.8975,30585.3,0,0,0,0,0,0.0,0.0,0.0,0,0,0,0.0,0,0.0,0,0,0,0.0,0,0.0,0.0,0.0,0,0.0,0,0,,
46,3,7,[32.69],162.44000000000003,2.1971189362226053,0,21.115488795863087,81.22000000000001,121.83000000000001,1624.4,0,0,0,0,0,0.0,0.0,0.0,0,0,0,0.0,0,0.0,0,0,0,0.0,0,0.0,0.0,0.0,0,0.0,0,0,,
47,3,8,[31.28],289.99,0.4445670540363461,0,16.8281664884996,144.995,217.4925,2899.9,0,0,0,0,0,0.0,0.0,0.0,0,0,0,0.0,0,0.0,0,0,0,0.0,0,0.0,0.0,0.0,0,0.0,0,0,,
48,3,9,[37.02],2899.25,1.5199655083211174,50,0.8415969647322583,1449.625,2174.4375,28992.5,30,20,32,30,2,5134.5,480.0,5614.5,107,0,107,11133.2,0,11133.2,0,0,0,0.0,0,0.0,17115.0,240000.0,0,102800.0,0,0,7.0,1.4
49,3,10,[31.36],507.89,1.7495717576640613,0,12.640532398747762,253.945,380.9175,5078.9,0,0,0,0,0,0.0,0.0,0.0,0,0,0,0.0,0,0.0,0,0,0,0.0,0,0.0,0.0,0.0,0,0.0,0,0,,
50,3,11,[30.97],217.29000000000002,0.13139122831239358,24,9.848589442680288,108.64500000000001,162.96750000000003,2172.9,16,8,16,16,0,2184.65,0.0,2184.65,11,0,11,1273.0,0,1273.0,0,0,0,0.0,0,0.0,13654.0625,0.0,0,142125.0,0,0,7.0,1.3333333333333333
51,3,12,[30.64],270.2,2.9440044411547,0,10.399703923019986,135.1,202.64999999999998,2702.0,0,0,0,0,0,0.0,0.0,0.0,0,0,0,0.0,0,0.0,0,0,0,0.0,0,0.0,0.0,0.0,0,0.0,0,0,,
52,3,13,[27.57],333.01,4.213717305786613,0,13.78336986877271,166.505,249.7575,3330.1,0,0,0,0,0,0.0,0.0,0.0,0,0,0,0.0,0,0.0,0,0,0,0.0,0,0.0,0.0,0.0,0,0.0,0,0,,
53,3,14,[28.71],365.04,0.30980166557089633,0,7.725180802103879,182.52,273.78000000000003,3650.4,0,0,0,0,0,0.0,0.0,0.0,0,0,0,0.0,0,0.0,0,0,0,0.0,0,0.0,0.0,0.0,0,0.0,0,0,,
54,3,15,[29.93],238.88000000000002,0.16682016075016742,0,1.08841259209645,119.44000000000001,179.16000000000003,2388.8,0,0,0,0,0,0.0,0.0,0.0,0,0,0,0.0,0,0.0,0,0,0,0.0,0,0.0,0.0,0.0,0,0.0,0,0,,
55,3,16,[27.17],1198.0,0.010584307178631052,50,5.242070116861435,599.0,898.5,11980.0,24,26,27,24,3,2906.4,750.0,3656.4,107,0,107,11432.89,0,11432.89,0,0,0,0.0,0,0.0,12110.0,250000.0,0,97586.95652173914,0,0,7.0,1.52
56,3,17,[32.1],938.54,0.7537132141411128,34,4.0701515119227745,469.27,703.905,9385.4,19,15,21,19,2,2419.4,422.0,2841.4,41,0,41,5988.32,0,5988.32,0,0,0,0.0,0,0.0,12733.684210526315,211000.0,0,118140.0,0,0,7.0,1.4411764705882353
57,3,18,[38.18],391.71000000000004,0.8056215057057516,11,14.21970335196957,195.85500000000002,293.7825,3917.1,5,6,7,5,2,407.5,749.0,1156.5,7,0,7,1198.9,0,1198.9,0,0,0,0.0,0,0.0,8150.0,374500.0,0,68475.0,0,0,7.0,1.5454545454545454
58,3,19,[26.82],1444.48,0.1549415706690297,0,5.5383252104563585,722.24,1083.3600000000001,14444.8,0,0,0,0,0,0.0,0.0,0.0,0,0,0,0.0,0,0.0,0,0,0,0.0,0,0.0,0.0,0.0,0,0.0,0,0,,
59,3,20,[27.83],911.3299999999999,0.2838817991287459,0,7.911513941162915,455.66499999999996,683.4975,9113.3,0,0,0,0,0,0.0,0.0,0.0,0,0,0,0.0,0,0.0,0,0,0,0.0,0,0.0,0.0,0.0,0,0.0,0,0,,
60,4,1,[27.54],126.52000000000001,3.4060227631994944,0,12.883338602592476,63.260000000000005,94.89000000000001,1265.2,0,0,0,0,0,0.0,0.0,0.0,0,0,0,0.0,0,0.0,0,0,0,0.0,0,0.0,0.0,0.0,0,0.0,0,0,,
61,4,2,[31.18],3695.4300000000003,1.790614353404069,0,7.755525067448172,1847.7150000000001,2771.5725,36954.3,0,0,0,0,0,0.0,0.0,0.0,0,0,0,0.0,0,0.0,0,0,0,0.0,0,0.0,0.0,0.0,0,0.0,0,0,,
62,4,3,[32.33],1078.44,1.3598160305626645,26,11.414635955639628,539.22,808.83,10784.4,15,11,21,15,6,1677.5,2250.0,3927.5,12,0,12,1527.49,0,1527.49,0,0,0,0.0,0,0.0,11183.333333333334,375000.0,0,143720.0,0,0,7.0,1.4230769230769231
63,4,4,[31.47],930.9000000000001,0.8073584702975615,56,16.113438607798905,465.45000000000005,698.1750000000001,9309.0,32,24,34,32,2,4297.26,700.0,4997.26,66,0,66,7204.1,0,7204.1,0,0,0,0.0,0,0.0,13428.9375,350000.0,0,112725.0,0,0,7.0,1.4285714285714286
64,4,5,[40.11],439.67,0.3070257238383333,38,15.284190415538928,219.835,329.7525,4396.7,25,13,25,25,0,3000.7,0.0,3000.7,139,0,139,13627.05,0,13627.05,0,0,0,0.0,0,0.0,12002.8,0.0,0,127653.84615384616,0,0,7.0,1.3421052631578947
65,4,6,[25.55],3058.53,0.9935132236728103,0,8.173861299382382,1529.265,2293.8975,30585.3,0,0,0,0,0,0.0,0.0,0.0,0,0,0,0.0,0,0.0,0,0,0,0.0,0,0.0,0.0,0.0,0,0.0,0,0,,
66,4,7,[32.69],162.44000000000003,2.1971189362226053,0,21.115488795863087,81.22000000000001,121.83000000000001,1624.4,0,0,0,0,0,0.0,0.0,0.0,0,0,0,0.0,0,0.0,0,0,0,0.0,0,0.0,0.0,0.0,0,0.0,0,0,,
67,4,8,[31.28],289.99,0.4445670540363461,0,16.8281664884996,144.995,217.4925,2899.9,0,0,0,0,0,0.0,0.0,0.0,0,0,0,0.0,0,0.0,0,0,0,0.0,0,0.0,0.0,0.0,0,0.0,0,0,,
68,4,9,[37.02],2899.25,1.5199655083211174,49,0.8415969647322583,1449.625,2174.4375,28992.5,29,20,29,29,0,3962.89,0.0,3962.89,127,0,127,12742.6,0,12742.6,0,0,0,0.0,0,0.0,13665.137931034482,0.0,0,80470.0,0,0,7.0,1.4081632653061225
69,4,10,[31.36],507.89,1.7495717576640613,0,12.640532398747762,253.945,380.9175,5078.9,0,0,0,0,0,0.0,0.0,0.0,0,0,0,0.0,0,0.0,0,0,0,0.0,0,0.0,0.0,0.0,0,0.0,0,0,,
70,4,11,[30.97],217.29000000000002,0.13139122831239358,43,9.848589442680288,108.64500000000001,162.96750000000003,2172.9,30,13,31,30,1,4530.5,180.0,4710.5,23,0,23,3644.86,0,3644.86,0,0,0,0.0,0,0.0,15101.666666666666,180000.0,0,197655.0,0,0,7.0,1.302325581395349
71,4,12,[30.64],270.2,2.9440044411547,0,10.399703923019986,135.1,202.64999999999998,2702.0,0,0,0,0,0,0.0,0.0,0.0,0,0,0,0.0,0,0.0,0,0,0,0.0,0,0.0,0.0,0.0,0,0.0,0,0,,
72,4,13,[27.57],333.01,4.213717305786613,0,13.78336986877271,166.505,249.7575,3330.1,0,0,0,0,0,0.0,0.0,0.0,0,0,0,0.0,0,0.0,0,0,0,0.0,0,0.0,0.0,0.0,0,0.0,0,0,,
73,4,14,[28.71],365.04,0.30980166557089633,0,7.725180802103879,182.52,273.78000000000003,3650.4,0,0,0,0,0,0.0,0.0,0.0,0,0,0,0.0,0,0.0,0,0,0,0.0,0,0.0,0.0,0.0,0,0.0,0,0,,
74,4,15,[29.93],238.88000000000002,0.16682016075016742,0,1.08841259209645,119.44000000000001,179.16000000000003,2388.8,0,0,0,0,0,0.0,0.0,0.0,0,0,0,0.0,0,0.0,0,0,0,0.0,0,0.0,0.0,0.0,0,0.0,0,0,,
75,4,16,[27.17],1198.0,0.010584307178631052,36,5.242070116861435,599.0,898.5,11980.0,20,16,20,20,0,2611.45,0.0,2611.45,123,0,123,12741.09,0,12741.09,0,0,0,0.0,0,0.0,13057.25,0.0,0,81762.5,0,0,7.0,1.4444444444444444
76,4,17,[32.1],938.54,0.7537132141411128,54,4.0701515119227745,469.27,703.905,9385.4,30,24,35,30,5,3012.46,1380.6,4393.06,60,0,60,8197.62,0,8197.62,0,0,0,0.0,0,0.0,10041.533333333333,276120.0,0,116278.94736842105,0,0,7.0,1.4444444444444444
77,4,18,[38.18],391.71000000000004,0.8056215057057516,9,14.21970335196957,195.85500000000002,293.7825,3917.1,4,5,5,4,1,462.0,200.0,662.0,11,0,11,1359.9,0,1359.9,0,0,0,0.0,0,0.0,11550.0,200000.0,0,40250.0,0,0,7.0,1.5555555555555556
78,4,19,[26.82],1444.48,0.1549415706690297,0,5.5383252104563585,722.24,1083.3600000000001,14444.8,0,0,0,0,0,0.0,0.0,0.0,0,0,0,0.0,0,0.0,0,0,0,0.0,0,0.0,0.0,0.0,0,0.0,0,0,,
79,4,20,[27.83],911.3299999999999,0.2838817991287459,0,7.911513941162915,455.66499999999996,683.4975,9113.3,0,0,0,0,0,0.0,0.0,0.0,0,0,0,0.0,0,0.0,0,0,0,0.0,0,0.0,0.0,0.0,0,0.0,0,0,,
80,5,1,[27.54],126.52000000000001,3.4060227631994944,0,12.883338602592476,63.260000000000005,94.89000000000001,1265.2,0,0,0,0,0,0.0,0.0,0.0,0,0,0,0.0,0,0.0,0,0,0,0.0,0,0.0,0.0,0.0,0,0.0,0,0,,
81,5,2,[31.18],3695.4300000000003,1.790614353404069,0,7.755525067448172,1847.7150000000001,2771.5725,36954.3,0,0,0,0,0,0.0,0.0,0.0,0,0,0,0.0,0,0.0,0,0,0,0.0,0,0.0,0.0,0.0,0,0.0,0,0,,
82,5,3,[32.33],1078.44,1.3598160305626645,13,11.414635955639628,539.22,808.83,10784.4,7,6,7,7,0,876.5,0.0,876.5,18,0,18,1878.69,0,1878.69,0,0,0,0.0,0,0.0,12521.42857142857,0.0,0,58533.333333333336,0,0,7.0,1.4615384615384615
83,5,4,[31.47],930.9000000000001,0.8073584702975615,42,16.113438607798905,465.45000000000005,698.1750000000001,9309.0,27,15,28,27,1,3805.4,300.0,4105.4,80,0,80,8454.7,0,8454.7,0,0,0,0.0,0,0.0,14094.074074074075,300000.0,0,89328.57142857143,0,0,7.0,1.3571428571428572
84,5,5,[40.11],439.67,0.3070257238383333,58,15.284190415538928,219.835,329.7525,4396.7,37,21,38,37,1,4008.8,188.5,4197.3,159,0,159,16239.2,0,16239.2,0,0,0,0.0,0,0.0,10834.594594594595,188500.0,0,130607.5,0,0,7.0,1.3620689655172413
85,5,6,[25.55],3058.53,0.9935132236728103,0,8.173861299382382,1529.265,2293.8975,30585.3,0,0,0,0,0,0.0,0.0,0.0,0,0,0,0.0,0,0.0,0,0,0,0.0,0,0.0,0.0,0.0,0,0.0,0,0,,
86,5,7,[32.69],162.44000000000003,2.1971189362226053,0,21.115488795863087,81.22000000000001,121.83000000000001,1624.4,0,0,0,0,0,0.0,0.0,0.0,0,0,0,0.0,0,0.0,0,0,0,0.0,0,0.0,0.0,0.0,0,0.0,0,0,,
87,5,8,[31.28],289.99,0.4445670540363461,0,16.8281664884996,144.995,217.4925,2899.9,0,0,0,0,0,0.0,0.0,0.0,0,0,0,0.0,0,0.0,0,0,0,0.0,0,0.0,0.0,0.0,0,0.0,0,0,,
88,5,9,[37.02],2899.25,1.5199655083211174,74,0.8415969647322583,1449.625,2174.4375,28992.5,39,35,45,39,6,7097.13,1470.8,8567.93,156,0,156,15423.1,0,15423.1,0,0,0,0.0,0,0.0,18197.76923076923,245133.33333333334,0,92431.03448275862,0,0,7.0,1.472972972972973
89,5,10,[31.36],507.89,1.7495717576640613,0,12.640532398747762,253.945,380.9175,5078.9,0,0,0,0,0,0.0,0.0,0.0,0,0,0,0.0,0,0.0,0,0,0,0.0,0,0.0,0.0,0.0,0,0.0,0,0,,
90,5,11,[30.97],217.29000000000002,0.13139122831239358,29,9.848589442680288,108.64500000000001,162.96750000000003,2172.9,17,12,20,17,3,1976.09,836.0,2812.09,32,0,32,4344.12,0,4344.12,0,0,0,0.0,0,0.0,11624.058823529413,278666.6666666667,0,77695.55555555556,0,0,7.0,1.4137931034482758
91,5,12,[30.64],270.2,2.9440044411547,0,10.399703923019986,135.1,202.64999999999998,2702.0,0,0,0,0,0,0.0,0.0,0.0,0,0,0,0.0,0,0.0,0,0,0,0.0,0,0.0,0.0,0.0,0,0.0,0,0,,
92,5,13,[27.57],333.01,4.213717305786613,0,13.78336986877271,166.505,249.7575,3330.1,0,0,0,0,0,0.0,0.0,0.0,0,0,0,0.0,0,0.0,0,0,0,0.0,0,0.0,0.0,0.0,0,0.0,0,0,,
93,5,14,[28.71],365.04,0.30980166557089633,0,7.725180802103879,182.52,273.78000000000003,3650.4,0,0,0,0,0,0.0,0.0,0.0,0,0,0,0.0,0,0.0,0,0,0,0.0,0,0.0,0.0,0.0,0,0.0,0,0,,
94,5,15,[29.93],238.88000000000002,0.16682016075016742,0,1.08841259209645,119.44000000000001,179.16000000000003,2388.8,0,0,0,0,0,0.0,0.0,0.0,0,0,0,0.0,0,0.0,0,0,0,0.0,0,0.0,0.0,0.0,0,0.0,0,0,,
95,5,16,[27.17],1198.0,0.010584307178631052,55,5.242070116861435,599.0,898.5,11980.0,38,17,39,38,1,4265.5,210.0,4475.5,139,0,139,14665.98,0,14665.98,0,0,0,0.0,0,0.0,11225.0,210000.0,0,120305.625,0,0,7.0,1.309090909090909
96,5,17,[32.1],938.54,0.7537132141411128,40,4.0701515119227745,469.27,703.905,9385.4,27,13,29,27,2,4533.3,650.0,5183.3,71,0,71,9244.17,0,9244.17,0,0,0,0.0,0,0.0,16790.0,325000.0,0,95140.90909090909,0,0,7.0,1.325
97,5,18,[38.18],391.71000000000004,0.8056215057057516,0,14.21970335196957,195.85500000000002,293.7825,3917.1,0,0,0,0,0,0.0,0.0,0.0,11,0,11,1359.9,0,1359.9,0,0,0,0.0,0,0.0,0.0,0.0,0,0.0,0,0,,
98,5,19,[26.82],1444.48,0.1549415706690297,0,5.5383252104563585,722.24,1083.3600000000001,14444.8,0,0,0,0,0,0.0,0.0,0.0,0,0,0,0.0,0,0.0,0,0,0,0.0,0,0.0,0.0,0.0,0,0.0,0,0,,
99,5,20,[27.83],911.3299999999999,0.2838817991287459,0,7.911513941162915,455.66499999999996,683.4975,9113.3,0,0,0,0,0,0.0,0.0,0.0,0,0,0,0.0,0,0.0,0,0,0,0.0,0,0.0,0.0,0.0,0,0.0,0,0,,
100,6,1,[27.54],126.52000000000001,3.4060227631994944,0,12.883338602592476,63.260000000000005,94.89000000000001,1265.2,0,0,0,0,0,0.0,0.0,0.0,0,0,0,0.0,0,0.0,0,0,0,0.0,0,0.0,0.0,0.0,0,0.0,0,0,,
101,6,2,[31.18],3795.4300000000003,1.790614353404069,0,5.755525067448172,1847.7150000000001,2771.5725,36954.3,0,0,0,0,0,0.0,0.0,0.0,0,0,0,0.0,0,0.0,0,0,0,0.0,0,0.0,0.0,0.0,0,0.0,0,0,,
102,6,3,[32.33],1078.44,1.3598160305626645,15,11.414635955639628,539.22,808.83,10784.4,9,6,9,9,0,1145.2,0.0,1145.2,24,0,24,3292.69,0,3292.69,0,0,0,0.0,0,0.0,12724.444444444445,0.0,0,235666.66666666666,0,0,7.0,1.4
103,6,4,[31.47],1030.9,0.8073584702975615,41,14.113438607798905,465.45000000000005,698.1750000000001,9309.0,24,17,26,24,2,3701.4,555.0,4256.4,95,0,95,9687.7,0,9687.7,0,0,0,0.0,0,0.0,15422.5,277500.0,0,82200.0,0,0,7.0,1.4146341463414633
104,6,5,[40.11],439.67,0.3070257238383333,79,15.284190415538928,219.835,329.7525,4396.7,43,36,50,43,7,5935.27,2334.6,8269.87,188,0,188,18743.3,0,18743.3,0,0,0,0.0,0,0.0,13802.953488372093,333514.28571428574,0,86348.27586206897,0,0,7.0,1.4556962025316456
105,6,6,[25.55],3158.53,0.9935132236728103,0,6.1738612993823825,1529.265,2293.8975,30585.3,0,0,0,0,0,0.0,0.0,0.0,0,0,0,0.0,0,0.0,0,0,0,0.0,0,0.0,0.0,0.0,0,0.0,0,0,,
106,6,7,[32.69],162.44000000000003,2.1971189362226053,0,21.115488795863087,81.22000000000001,121.83000000000001,1624.4,0,0,0,0,0,0.0,0.0,0.0,0,0,0,0.0,0,0.0,0,0,0,0.0,0,0.0,0.0,0.0,0,0.0,0,0,,
107,6,8,[31.28],289.99,0.4445670540363461,0,16.8281664884996,144.995,217.4925,2899.9,0,0,0,0,0,0.0,0.0,0.0,0,0,0,0.0,0,0.0,0,0,0,0.0,0,0.0,0.0,0.0,0,0.0,0,0,,
108,6,9,[37.02],2899.25,1.5199655083211174,70,0.8415969647322583,1449.625,2174.4375,28992.5,40,30,44,40,4,4848.3,1060.0,5908.3,182,0,182,17720.5,0,17720.5,0,0,0,0.0,0,0.0,12120.75,265000.0,0,88361.53846153847,0,0,7.0,1.4285714285714286
109,6,10,[31.36],507.89,1.7495717576640613,0,12.640532398747762,253.945,380.9175,5078.9,0,0,0,0,0,0.0,0.0,0.0,0,0,0,0.0,0,0.0,0,0,0,0.0,0,0.0,0.0,0.0,0,0.0,0,0,,
110,6,11,[30.97],217.29000000000002,0.13139122831239358,18,9.848589442680288,108.64500000000001,162.96750000000003,2172.9,12,6,14,12,2,2326.5,510.0,2836.5,36,0,36,4654.12,0,4654.12,0,0,0,0.0,0,0.0,19387.5,255000.0,0,77500.0,0,0,7.0,1.3333333333333333
111,6,12,[30.64],270.2,2.9440044411547,0,10.399703923019986,135.1,202.64999999999998,2702.0,0,0,0,0,0,0.0,0.0,0.0,0,0,0,0.0,0,0.0,0,0,0,0.0,0,0.0,0.0,0.0,0,0.0,0,0,,
112,6,13,[27.57],333.01,4.213717305786613,0,13.78336986877271,166.505,249.7575,3330.1,0,0,0,0,0,0.0,0.0,0.0,0,0,0,0.0,0,0.0,0,0,0,0.0,0,0.0,0.0,0.0,0,0.0,0,0,,
113,6,14,[28.71],365.04,0.30980166557089633,0,7.725180802103879,182.52,273.78000000000003,3650.4,0,0,0,0,0,0.0,0.0,0.0,0,0,0,0.0,0,0.0,0,0,0,0.0,0,0.0,0.0,0.0,0,0.0,0,0,,
114,6,15,[29.93],238.88000000000002,0.16682016075016742,0,1.08841259209645,119.44000000000001,179.16000000000003,2388.8,0,0,0,0,0,0.0,0.0,0.0,0,0,0,0.0,0,0.0,0,0,0,0.0,0,0.0,0.0,0.0,0,0.0,0,0,,
115,6,16,[27.17],1198.0,0.010584307178631052,45,5.242070116861435,599.0,898.5,11980.0,25,20,27,25,2,3969.99,400.0,4369.99,157,0,157,15790.94,0,15790.94,0,0,0,0.0,0,0.0,15879.96,200000.0,0,62497.77777777778,0,0,7.0,1.4444444444444444
116,6,17,[32.1],938.54,0.7537132141411128,39,4.0701515119227745,469.27,703.905,9385.4,19,20,20,19,1,1665.6,250.0,1915.6,90,0,90,11609.02,0,11609.02,0,0,0,0.0,0,0.0,8766.315789473685,250000.0,0,124465.78947368421,0,0,7.0,1.5128205128205128
117,6,18,[38.18],391.71000000000004,0.8056215057057516,4,14.21970335196957,195.85500000000002,293.7825,3917.1,2,2,2,2,0,426.0,0.0,426.0,13,0,13,1766.9,0,1766.9,0,0,0,0.0,0,0.0,21300.0,0.0,0,203500.0,0,0,7.0,1.5
118,6,19,[26.82],1444.48,0.1549415706690297,0,5.5383252104563585,722.24,1083.3600000000001,14444.8,0,0,0,0,0,0.0,0.0,0.0,0,0,0,0.0,0,0.0,0,0,0,0.0,0,0.0,0.0,0.0,0,0.0,0,0,,
119,6,20,[27.83],911.3299999999999,0.2838817991287459,0,7.911513941162915,455.66499999999996,683.4975,9113.3,0,0,0,0,0,0.0,0.0,0.0,0,0,0,0.0,0,0.0,0,0,0,0.0,0,0.0,0.0,0.0,0,0.0,0,0,,
120,7,1,[27.54],126.52000000000001,3.4060227631994944,0,12.883338602592476,63.260000000000005,94.89000000000001,1265.2,0,0,0,0,0,0.0,0.0,0.0,0,0,0,0.0,0,0.0,0,0,0,0.0,0,0.0,0.0,0.0,0,0.0,0,0,,
121,7,2,[31.18],3895.4300000000003,1.790614353404069,0,3.755525067448172,1847.7150000000001,2771.5725,36954.3,0,0,0,0,0,0.0,0.0,0.0,0,0,0,0.0,0,0.0,0,0,0,0.0,0,0.0,0.0,0.0,0,0.0,0,0,,
122,7,3,[32.33],1078.44,1.3598160305626645,15,11.414635955639628,539.22,808.83,10784.4,7,8,8,7,1,676.0,300.0,976.0,31,0,31,3954.11,0,3954.11,0,0,0,0.0,0,0.0,9657.142857142857,300000.0,0,94488.57142857143,0,0,7.0,1.5333333333333334
123,7,4,[31.47],1130.9,0.8073584702975615,41,12.113438607798905,465.45000000000005,698.1750000000001,9309.0,24,17,26,24,2,2388.5,505.6,2894.1,110,0,110,11382.6,0,11382.6,0,0,0,0.0,0,0.0,9952.083333333334,252800.0,0,112993.33333333333,0,0,7.0,1.4146341463414633
124,7,5,[40.11],439.67,0.3070257238383333,72,15.284190415538928,219.835,329.7525,4396.7,38,34,42,38,4,6331.99,1019.0,7350.99,218,0,218,22829.32,0,22829.32,0,0,0,0.0,0,0.0,16663.13157894737,254750.0,0,136200.66666666666,0,0,7.0,1.4722222222222223
125,7,6,[25.55],3258.53,0.9935132236728103,0,4.1738612993823825,1529.265,2293.8975,30585.3,0,0,0,0,0,0.0,0.0,0.0,0,0,0,0.0,0,0.0,0,0,0,0.0,0,0.0,0.0,0.0,0,0.0,0,0,,
126,7,7,[32.69],162.44000000000003,2.1971189362226053,0,21.115488795863087,81.22000000000001,121.83000000000001,1624.4,0,0,0,0,0,0.0,0.0,0.0,0,0,0,0.0,0,0.0,0,0,0,0.0,0,0.0,0.0,0.0,0,0.0,0,0,,
127,7,8,[31.28],289.99,0.4445670540363461,0,16.8281664884996,144.995,217.4925,2899.9,0,0,0,0,0,0.0,0.0,0.0,0,0,0,0.0,0,0.0,0,0,0,0.0,0,0.0,0.0,0.0,0,0.0,0,0,,
128,7,9,[37.02],2899.25,1.5199655083211174,64,0.8415969647322583,1449.625,2174.4375,28992.5,35,29,39,35,4,3186.1,1305.0,4491.1,207,0,207,20356.1,0,20356.1,0,0,0,0.0,0,0.0,9103.142857142857,326250.0,0,105424.0,0,0,7.0,1.453125
129,7,10,[31.36],507.89,1.7495717576640613,0,12.640532398747762,253.945,380.9175,5078.9,0,0,0,0,0,0.0,0.0,0.0,0,0,0,0.0,0,0.0,0,0,0,0.0,0,0.0,0.0,0.0,0,0.0,0,0,,
130,7,11,[30.97],217.29000000000002,0.13139122831239358,18,9.848589442680288,108.64500000000001,162.96750000000003,2172.9,10,8,11,10,1,997.0,500.0,1497.0,43,0,43,5467.27,0,5467.27,0,0,0,0.0,0,0.0,9970.0,500000.0,0,116164.28571428571,0,0,7.0,1.4444444444444444
131,7,12,[30.64],270.2,2.9440044411547,0,10.399703923019986,135.1,202.64999999999998,2702.0,0,0,0,0,0,0.0,0.0,0.0,0,0,0,0.0,0,0.0,0,0,0,0.0,0,0.0,0.0,0.0,0,0.0,0,0,,
132,7,13,[27.57],333.01,4.213717305786613,0,13.78336986877271,166.505,249.7575,3330.1,0,0,0,0,0,0.0,0.0,0.0,0,0,0,0.0,0,0.0,0,0,0,0.0,0,0.0,0.0,0.0,0,0.0,0,0,,
133,7,14,[28.71],365.04,0.30980166557089633,0,7.725180802103879,182.52,273.78000000000003,3650.4,0,0,0,0,0,0.0,0.0,0.0,0,0,0,0.0,0,0.0,0,0,0,0.0,0,0.0,0.0,0.0,0,0.0,0,0,,
134,7,15,[29.93],238.88000000000002,0.16682016075016742,0,1.08841259209645,119.44000000000001,179.16000000000003,2388.8,0,0,0,0,0,0.0,0.0,0.0,0,0,0,0.0,0,0.0,0,0,0,0.0,0,0.0,0.0,0.0,0,0.0,0,0,,
135,7,16,[27.17],1198.0,0.010584307178631052,52,5.242070116861435,599.0,898.5,11980.0,28,24,30,28,2,2720.3,550.0,3270.3,179,0,179,18815.14,0,18815.14,0,0,0,0.0,0,0.0,9715.357142857143,275000.0,0,137463.63636363635,0,0,7.0,1.4615384615384615
136,7,17,[32.1],938.54,0.7537132141411128,38,4.0701515119227745,469.27,703.905,9385.4,21,17,22,21,1,3161.39,800.0,3961.39,106,0,106,13204.42,0,13204.42,0,0,0,0.0,0,0.0,15054.238095238095,800000.0,0,99712.5,0,0,7.0,1.4473684210526316
137,7,18,[38.18],391.71000000000004,0.8056215057057516,11,14.21970335196957,195.85500000000002,293.7825,3917.1,4,7,5,4,1,495.5,300.0,795.5,19,0,19,2803.0,0,2803.0,0,0,0,0.0,0,0.0,12387.5,300000.0,0,172683.33333333334,0,0,7.0,1.6363636363636365
138,7,19,[26.82],1444.48,0.1549415706690297,0,5.5383252104563585,722.24,1083.3600000000001,14444.8,0,0,0,0,0,0.0,0.0,0.0,0,0,0,0.0,0,0.0,0,0,0,0.0,0,0.0,0.0,0.0,0,0.0,0,0,,
139,7,20,[27.83],911.3299999999999,0.2838817991287459,0,7.911513941162915,455.66499999999996,683.4975,9113.3,0,0,0,0,0,0.0,0.0,0.0,0,0,0,0.0,0,0.0,0,0,0,0.0,0,0.0,0.0,0.0,0,0.0,0,0,,
140,8,1,[27.54],126.52000000000001,3.4060227631994944,0,12.883338602592476,63.260000000000005,94.89000000000001,1265.2,0,0,0,0,0,0.0,0.0,0.0,0,0,0,0.0,0,0.0,0,0,0,0.0,0,0.0,0.0,0.0,0,0.0,0,0,,
141,8,2,[31.18],3995.4300000000003,1.790614353404069,0,1.755525067448172,1847.7150000000001,2771.5725,36954.3,0,0,0,0,0,0.0,0.0,0.0,0,0,0,0.0,0,0.0,0,0,0,0.0,0,0.0,0.0,0.0,0,0.0,0,0,,
142,8,3,[32.33],1078.44,1.3598160305626645,18,11.414635955639628,539.22,808.83,10784.4,12,6,14,12,2,1992.5,524.0,2516.5,35,0,35,4196.11,0,4196.11,0,0,0,0.0,0,0.0,16604.166666666668,262000.0,0,60500.0,0,0,7.0,1.3333333333333333
143,8,4,[31.47],1230.9,0.8073584702975615,51,10.113438607798905,465.45000000000005,698.1750000000001,9309.0,27,24,30,27,3,4223.0,622.0,4845.0,131,0,131,13072.09,0,13072.09,0,0,0,0.0,0,0.0,15640.74074074074,207333.33333333334,0,80451.90476190476,0,0,7.0,1.4705882352941178
144,8,5,[40.11],439.67,0.3070257238383333,52,15.284190415538928,219.835,329.7525,4396.7,33,19,34,33,1,2676.6,174.8,2851.4,236,0,236,24147.42,0,24147.42,0,0,0,0.0,0,0.0,8110.909090909091,174800.0,0,73227.77777777778,0,0,7.0,1.3653846153846154
145,8,6,[25.55],3358.53,0.9935132236728103,0,2.1738612993823825,1529.265,2293.8975,30585.3,0,0,0,0,0,0.0,0.0,0.0,0,0,0,0.0,0,0.0,0,0,0,0.0,0,0.0,0.0,0.0,0,0.0,0,0,,
146,8,7,[32.69],162.44000000000003,2.1971189362226053,0,21.115488795863087,81.22000000000001,121.83000000000001,1624.4,0,0,0,0,0,0.0,0.0,0.0,0,0,0,0.0,0,0.0,0,0,0,0.0,0,0.0,0.0,0.0,0,0.0,0,0,,
147,8,8,[31.28],289.99,0.4445670540363461,0,16.8281664884996,144.995,217.4925,2899.9,0,0,0,0,0,0.0,0.0,0.0,0,0,0,0.0,0,0.0,0,0,0,0.0,0,0.0,0.0,0.0,0,0.0,0,0,,
148,8,9,[37.02],2899.25,1.5199655083211174,66,0.8415969647322583,1449.625,2174.4375,28992.5,41,25,43,41,2,3647.15,431.6,4078.75,230,0,230,22907.21,0,22907.21,0,0,0,0.0,0,0.0,8895.487804878048,215800.0,0,110917.82608695653,0,0,7.0,1.378787878787879
149,8,10,[31.36],507.89,1.7495717576640613,0,12.640532398747762,253.945,380.9175,5078.9,0,0,0,0,0,0.0,0.0,0.0,0,0,0,0.0,0,0.0,0,0,0,0.0,0,0.0,0.0,0.0,0,0.0,0,0,,
150,8,11,[30.97],217.29000000000002,0.13139122831239358,26,9.848589442680288,108.64500000000001,162.96750000000003,2172.9,18,8,21,18,3,3582.2,855.0,4437.2,48,0,48,5868.27,0,5868.27,0,0,0,0.0,0,0.0,19901.11111111111,285000.0,0,80200.0,0,0,7.0,1.3076923076923077
151,8,12,[30.64],270.2,2.9440044411547,0,10.399703923019986,135.1,202.64999999999998,2702.0,0,0,0,0,0,0.0,0.0,0.0,0,0,0,0.0,0,0.0,0,0,0,0.0,0,0.0,0.0,0.0,0,0.0,0,0,,
152,8,13,[27.57],333.01,4.213717305786613,0,13.78336986877271,166.505,249.7575,3330.1,0,0,0,0,0,0.0,0.0,0.0,0,0,0,0.0,0,0.0,0,0,0,0.0,0,0.0,0.0,0.0,0,0.0,0,0,,
153,8,14,[28.71],365.04,0.30980166557089633,0,7.725180802103879,182.52,273.78000000000003,3650.4,0,0,0,0,0,0.0,0.0,0.0,0,0,0,0.0,0,0.0,0,0,0,0.0,0,0.0,0.0,0.0,0,0.0,0,0,,
154,8,15,[29.93],238.88000000000002,0.16682016075016742,0,1.08841259209645,119.44000000000001,179.16000000000003,2388.8,0,0,0,0,0,0.0,0.0,0.0,0,0,0,0.0,0,0.0,0,0,0,0.0,0,0.0,0.0,0.0,0,0.0,0,0,,
155,8,16,[27.17],1198.0,0.010584307178631052,51,5.242070116861435,599.0,898.5,11980.0,28,23,32,28,4,3186.4700000000003,1000.0,4186.47,198,0,198,21991.14,0,21991.14,0,0,0,0.0,0,0.0,11380.25,250000.0,0,167157.8947368421,0,0,7.0,1.4509803921568627
156,8,17,[32.1],938.54,0.7537132141411128,42,4.0701515119227745,469.27,703.905,9385.4,24,18,28,24,4,5043.1,1029.0,6072.1,120,0,120,14751.48,0,14751.48,0,0,0,0.0,0,0.0,21012.916666666668,257250.0,0,110504.28571428571,0,0,7.0,1.4285714285714286
157,8,18,[38.18],391.71000000000004,0.8056215057057516,5,14.21970335196957,195.85500000000002,293.7825,3917.1,2,3,3,2,1,259.99,500.0,759.99,21,0,21,2914.0,0,2914.0,0,0,0,0.0,0,0.0,12999.5,500000.0,0,55500.0,0,0,7.0,1.6
158,8,19,[26.82],1444.48,0.1549415706690297,0,5.5383252104563585,722.24,1083.3600000000001,14444.8,0,0,0,0,0,0.0,0.0,0.0,0,0,0,0.0,0,0.0,0,0,0,0.0,0,0.0,0.0,0.0,0,0.0,0,0,,
159,8,20,[27.83],911.3299999999999,0.2838817991287459,0,7.911513941162915,455.66499999999996,683.4975,9113.3,0,0,0,0,0,0.0,0.0,0.0,0,0,0,0.0,0,0.0,0,0,0,0.0,0,0.0,0.0,0.0,0,0.0,0,0,,
160,9,1,[27.54],126.52000000000001,3.4060227631994944,0,12.883338602592476,63.260000000000005,94.89000000000001,1265.2,0,0,0,0,0,0.0,0.0,0.0,0,0,0,0.0,0,0.0,0,0,0,0.0,0,0.0,0.0,0.0,0,0.0,0,0,,
161,9,2,[31.18],4095.4300000000003,1.790614353404069,0,-0.24447493255182806,1847.7150000000001,2771.5725,36954.3,0,0,0,0,0,0.0,0.0,0.0,0,0,0,0.0,0,0.0,0,0,0,0.0,0,0.0,0.0,0.0,0,0.0,0,0,,
162,9,3,[32.33],1078.44,1.3598160305626645,10,11.414635955639628,539.22,808.83,10784.4,4,6,5,4,1,550.5,300.0,850.5,40,0,40,4826.11,0,4826.11,0,0,0,0.0,0,0.0,13762.5,300000.0,0,126000.0,0,0,7.0,1.6
163,9,4,[31.47],1330.9,0.8073584702975615,48,8.113438607798905,465.45000000000005,698.1750000000001,9309.0,33,15,33,33,0,3923.64,0.0,3923.64,146,0,146,14810.29,0,14810.29,0,0,0,0.0,0,0.0,11889.818181818182,0.0,0,115880.0,0,0,7.0,1.3125
164,9,5,[40.11],439.67,0.3070257238383333,57,15.284190415538928,219.835,329.7525,4396.7,31,26,35,31,4,4277.2,1050.0,5327.2,258,0,258,25978.62,0,25978.62,0,0,0,0.0,0,0.0,13797.41935483871,262500.0,0,83236.36363636363,0,0,7.0,1.456140350877193
165,9,6,[25.55],3458.53,0.9935132236728103,0,0.17386129938238248,1529.265,2293.8975,30585.3,0,0,0,0,0,0.0,0.0,0.0,0,0,0,0.0,0,0.0,0,0,0,0.0,0,0.0,0.0,0.0,0,0.0,0,0,,
166,9,7,[32.69],162.44000000000003,2.1971189362226053,0,21.115488795863087,81.22000000000001,121.83000000000001,1624.4,0,0,0,0,0,0.0,0.0,0.0,0,0,0,0.0,0,0.0,0,0,0,0.0,0,0.0,0.0,0.0,0,0.0,0,0,,
167,9,8,[31.28],289.99,0.4445670540363461,0,16.8281664884996,144.995,217.4925,2899.9,0,0,0,0,0,0.0,0.0,0.0,0,0,0,0.0,0,0.0,0,0,0,0.0,0,0.0,0.0,0.0,0,0.0,0,0,,
168,9,9,[37.02],2899.25,1.5199655083211174,66,0.8415969647322583,1449.625,2174.4375,28992.5,44,22,48,44,4,8375.03,868.5,9243.53,248,0,248,25002.31,0,25002.31,0,0,0,0.0,0,0.0,19034.159090909092,217125.0,0,116394.44444444444,0,0,7.0,1.3333333333333333
169,9,10,[31.36],507.89,1.7495717576640613,0,12.640532398747762,253.945,380.9175,5078.9,0,0,0,0,0,0.0,0.0,0.0,0,0,0,0.0,0,0.0,0,0,0,0.0,0,0.0,0.0,0.0,0,0.0,0,0,,
170,9,11,[30.97],217.29000000000002,0.13139122831239358,28,9.848589442680288,108.64500000000001,162.96750000000003,2172.9,15,13,17,15,2,2153.4,510.0,2663.4,59,0,59,7076.57,0,7076.57,0,0,0,0.0,0,0.0,14356.0,255000.0,0,109845.45454545454,0,0,7.0,1.4642857142857142
171,9,12,[30.64],270.2,2.9440044411547,0,10.399703923019986,135.1,202.64999999999998,2702.0,0,0,0,0,0,0.0,0.0,0.0,0,0,0,0.0,0,0.0,0,0,0,0.0,0,0.0,0.0,0.0,0,0.0,0,0,,
172,9,13,[27.57],333.01,4.213717305786613,0,13.78336986877271,166.505,249.7575,3330.1,0,0,0,0,0,0.0,0.0,0.0,0,0,0,0.0,0,0.0,0,0,0,0.0,0,0.0,0.0,0.0,0,0.0,0,0,,
173,9,14,[28.71],365.04,0.30980166557089633,0,7.725180802103879,182.52,273.78000000000003,3650.4,0,0,0,0,0,0.0,0.0,0.0,0,0,0,0.0,0,0.0,0,0,0,0.0,0,0.0,0.0,0.0,0,0.0,0,0,,
174,9,15,[29.93],238.88000000000002,0.16682016075016742,0,1.08841259209645,119.44000000000001,179.16000000000003,2388.8,0,0,0,0,0,0.0,0.0,0.0,0,0,0,0.0,0,0.0,0,0,0,0.0,0,0.0,0.0,0.0,0,0.0,0,0,,
175,9,16,[27.17],1198.0,0.010584307178631052,45,5.242070116861435,599.0,898.5,11980.0,25,20,26,25,1,2881.5,346.0,3227.5,217,0,217,23120.39,0,23120.39,0,0,0,0.0,0,0.0,11526.0,346000.0,0,59434.21052631579,0,0,7.0,1.4444444444444444
176,9,17,[32.1],938.54,0.7537132141411128,46,4.0701515119227745,469.27,703.905,9385.4,28,18,32,28,4,2844.65,999.8,3844.45,134,0,134,15910.48,0,15910.48,0,0,0,0.0,0,0.0,10159.464285714286,249950.0,0,82785.71428571429,0,0,7.0,1.391304347826087
177,9,18,[38.18],391.71000000000004,0.8056215057057516,11,14.21970335196957,195.85500000000002,293.7825,3917.1,4,7,6,4,2,1040.0,472.0,1512.0,26,0,26,3313.9,0,3313.9,0,0,0,0.0,0,0.0,26000.0,236000.0,0,79980.0,0,0,7.0,1.6363636363636365
178,9,19,[26.82],1444.48,0.1549415706690297,0,5.5383252104563585,722.24,1083.3600000000001,14444.8,0,0,0,0,0,0.0,0.0,0.0,0,0,0,0.0,0,0.0,0,0,0,0.0,0,0.0,0.0,0.0,0,0.0,0,0,,
179,9,20,[27.83],911.3299999999999,0.2838817991287459,0,7.911513941162915,455.66499999999996,683.4975,9113.3,0,0,0,0,0,0.0,0.0,0.0,0,0,0,0.0,0,0.0,0,0,0,0.0,0,0.0,0.0,0.0,0,0.0,0,0,,
180,10,1,[27.54],126.52000000000001,3.4060227631994944,0,12.883338602592476,63.260000000000005,94.89000000000001,1265.2,0,0,0,0,0,0.0,0.0,0.0,0,0,0,0.0,0,0.0,0,0,0,0.0,0,0.0,0.0,0.0,0,0.0,0,0,,
181,10,2,[31.18],4195.43,1.790614353404069,0,-2.244474932551828,1847.7150000000001,2771.5725,36954.3,0,0,0,0,0,0.0,0.0,0.0,0,0,0,0.0,0,0.0,0,0,0,0.0,0,0.0,0.0,0.0,0,0.0,0,0,,
182,10,3,[32.33],1078.44,1.3598160305626645,12,11.414635955639628,539.22,808.83,10784.4,7,5,9,7,2,987.5,422.0,1409.5,43,0,43,5108.11,0,5108.11,0,0,0,0.0,0,0.0,14107.142857142857,211000.0,0,94000.0,0,0,7.0,1.4166666666666667
183,10,4,[31.47],1170.9,0.8073584702975615,59,6.113438607798905,585.45,878.1750000000001,9569.0,39,20,43,39,4,5628.4,1600.0,7228.4,157,0,157,16695.36,0,16695.36,5,0,5,260.0,0,260.0,14431.794871794871,400000.0,0,134066.875,0,0,7.0,1.3389830508474576
184,10,5,[40.11],-7740.679999999999,0.3070257238383333,55,15.284190415538928,-3870.3399999999997,-5805.509999999999,12577.05,33,22,34,33,1,4273.06,206.6,4479.66,194,0,194,19856.12,0,19856.12,85,0,85,8180.35,0,8180.35,12948.666666666666,206600.0,0,97992.85714285714,0,0,7.0,1.4
185,10,6,[25.55],3558.53,0.9935132236728103,0,-1.8261387006176175,1529.265,2293.8975,30585.3,0,0,0,0,0,0.0,0.0,0.0,0,0,0,0.0,0,0.0,0,0,0,0.0,0,0.0,0.0,0.0,0,0.0,0,0,,
186,10,7,[32.69],162.44000000000003,2.1971189362226053,0,21.115488795863087,81.22000000000001,121.83000000000001,1624.4,0,0,0,0,0,0.0,0.0,0.0,0,0,0,0.0,0,0.0,0,0,0,0.0,0,0.0,0.0,0.0,0,0.0,0,0,,
187,10,8,[31.28],289.99,0.4445670540363461,0,16.8281664884996,144.995,217.4925,2899.9,0,0,0,0,0,0.0,0.0,0.0,0,0,0,0.0,0,0.0,0,0,0,0.0,0,0.0,0.0,0.0,0,0.0,0,0,,
188,10,9,[37.02],-3910.65,1.5199655083211174,68,0.8415969647322583,-1955.325,-2932.9875,35802.4,37,31,39,37,2,4369.65,550.0,4919.65,211,0,211,20751.49,0,20751.49,66,0,66,6809.9,0,6809.9,11809.864864864865,275000.0,0,88244.13793103448,0,0,7.0,1.4558823529411764
189,10,10,[31.36],507.89,1.7495717576640613,0,12.640532398747762,253.945,380.9175,5078.9,0,0,0,0,0,0.0,0.0,0.0,0,0,0,0.0,0,0.0,0,0,0,0.0,0,0.0,0.0,0.0,0,0.0,0,0,,
190,10,11,[30.97],217.29000000000002,0.13139122831239358,23,9.848589442680288,108.64500000000001,162.96750000000003,2172.9,15,8,17,15,2,2012.9,474.8,2487.7,65,0,65,7669.57,0,7669.57,0,0,0,0.0,0,0.0,13419.333333333334,237400.0,0,98833.33333333333,0,0,7.0,1.3478260869565217
191,10,12,[30.64],270.2,2.9440044411547,0,10.399703923019986,135.1,202.64999999999998,2702.0,0,0,0,0,0,0.0,0.0,0.0,0,0,0,0.0,0,0.0,0,0,0,0.0,0,0.0,0.0,0.0,0,0.0,0,0,,
192,10,13,[27.57],333.01,4.213717305786613,0,13.78336986877271,166.505,249.7575,3330.1,0,0,0,0,0,0.0,0.0,0.0,0,0,0,0.0,0,0.0,0,0,0,0.0,0,0.0,0.0,0.0,0,0.0,0,0,,
193,10,14,[28.71],365.04,0.30980166557089633,0,7.725180802103879,182.52,273.78000000000003,3650.4,0,0,0,0,0,0.0,0.0,0.0,0,0,0,0.0,0,0.0,0,0,0,0.0,0,0.0,0.0,0.0,0,0.0,0,0,,
194,10,15,[29.93],238.88000000000002,0.16682016075016742,0,1.08841259209645,119.44000000000001,179.16000000000003,2388.8,0,0,0,0,0,0.0,0.0,0.0,0,0,0,0.0,0,0.0,0,0,0,0.0,0,0.0,0.0,0.0,0,0.0,0,0,,
195,10,16,[27.17],-5964.389999999999,0.010584307178631052,53,5.242070116861435,-2982.1949999999997,-4473.2925,19142.39,28,25,30,28,2,4823.4,470.0,5293.4,179,0,179,17863.5,0,17863.5,61,0,61,7162.39,0,7162.39,17226.428571428572,235000.0,0,82847.82608695653,0,0,7.0,1.471698113207547
196,10,17,[32.1],-867.46,0.7537132141411128,34,4.0701515119227745,-433.73,-650.595,11191.4,18,16,22,18,4,2537.56,1096.0,3633.56,136,0,136,14986.08,0,14986.08,10,0,10,1806.0,0,1806.0,14097.555555555555,274000.0,0,73466.66666666667,0,0,7.0,1.4705882352941178
197,10,18,[38.18],391.71000000000004,0.8056215057057516,7,14.21970335196957,195.85500000000002,293.7825,3917.1,2,5,5,2,3,90.0,755.0,845.0,28,0,28,3376.1,0,3376.1,0,0,0,0.0,0,0.0,4500.0,251666.66666666666,0,31100.0,0,0,7.0,1.7142857142857142
198,10,19,[26.82],1444.48,0.1549415706690297,0,5.5383252104563585,722.24,1083.3600000000001,14444.8,0,0,0,0,0,0.0,0.0,0.0,0,0,0,0.0,0,0.0,0,0,0,0.0,0,0.0,0.0,0.0,0,0.0,0,0,,
199,10,20,[27.83],911.3299999999999,0.2838817991287459,0,7.911513941162915,455.66499999999996,683.4975,9113.3,0,0,0,0,0,0.0,0.0,0.0,0,0,0,0.0,0,0.0,0,0,0,0.0,0,0.0,0.0,0.0,0,0.0,0,0,,
200,11,1,[27.54],126.52000000000001,3.4060227631994944,0,12.883338602592476,63.260000000000005,94.89000000000001,1265.2,0,0,0,0,0,0.0,0.0,0.0,0,0,0,0.0,0,0.0,0,0,0,0.0,0,0.0,0.0,0.0,0,0.0,0,0,,
201,11,2,[31.18],4295.43,1.790614353404069,0,-4.244474932551828,1847.7150000000001,2771.5725,36954.3,0,0,0,0,0,0.0,0.0,0.0,0,0,0,0.0,0,0.0,0,0,0,0.0,0,0.0,0.0,0.0,0,0.0,0,0,,
202,11,3,[32.33],955.44,1.3598160305626645,14,11.414635955639628,477.72,716.58,10907.4,10,4,11,10,1,1443.2,200.0,1643.2,44,0,44,5200.11,0,5200.11,2,0,2,123.0,0,123.0,14432.0,200000.0,0,71666.66666666667,0,0,7.0,1.2857142857142858
203,11,4,[31.47],-382.3499999999999,0.8073584702975615,50,4.113438607798905,-191.17499999999995,-286.76249999999993,11222.25,28,22,32,28,4,3317.5,1024.0,4341.5,161,0,161,16420.47,0,16420.47,19,0,19,1913.25,0,1913.25,11848.214285714286,256000.0,0,76575.55555555556,0,0,7.0,1.44
204,11,5,[40.11],-9360.88,0.3070257238383333,80,15.284190415538928,-4680.44,-7020.66,14197.25,43,37,50,43,7,5231.12,2360.0,7591.12,200,0,200,21334.42,0,21334.42,109,0,109,9800.55,0,9800.55,12165.39534883721,337142.85714285716,0,103283.33333333333,0,0,7.0,1.4625
205,11,6,[25.55],3658.53,0.9935132236728103,0,-3.8261387006176175,1529.265,2293.8975,30585.3,0,0,0,0,0,0.0,0.0,0.0,0,0,0,0.0,0,0.0,0,0,0,0.0,0,0.0,0.0,0.0,0,0.0,0,0,,
206,11,7,[32.69],162.44000000000003,2.1971189362226053,0,21.115488795863087,81.22000000000001,121.83000000000001,1624.4,0,0,0,0,0,0.0,0.0,0.0,0,0,0,0.0,0,0.0,0,0,0,0.0,0,0.0,0.0,0.0,0,0.0,0,0,,
207,11,8,[31.28],289.99,0.4445670540363461,0,16.8281664884996,144.995,217.4925,2899.9,0,0,0,0,0,0.0,0.0,0.0,0,0,0,0.0,0,0.0,0,0,0,0.0,0,0.0,0.0,0.0,0,0.0,0,0,,
208,11,9,[37.02],-6383.549999999999,1.5199655083211174,50,0.8415969647322583,-3191.7749999999996,-4787.662499999999,38275.3,29,21,31,29,2,4154.88,550.0,4704.88,207,0,207,19840.19,0,19840.19,89,0,89,9282.8,0,9282.8,14327.172413793103,275000.0,0,82189.47368421052,0,0,7.0,1.42
209,11,10,[31.36],507.89,1.7495717576640613,0,12.640532398747762,253.945,380.9175,5078.9,0,0,0,0,0,0.0,0.0,0.0,0,0,0,0.0,0,0.0,0,0,0,0.0,0,0.0,0.0,0.0,0,0.0,0,0,,
210,11,11,[30.97],81.29000000000002,0.13139122831239358,29,9.848589442680288,40.64500000000001,60.967500000000015,2308.9,19,10,23,19,4,3718.4,910.0,4628.4,68,0,68,7983.57,0,7983.57,3,0,3,136.0,0,136.0,19570.526315789473,227500.0,0,75000.0,0,0,7.0,1.3448275862068966
211,11,12,[30.64],270.2,2.9440044411547,0,10.399703923019986,135.1,202.64999999999998,2702.0,0,0,0,0,0,0.0,0.0,0.0,0,0,0,0.0,0,0.0,0,0,0,0.0,0,0.0,0.0,0.0,0,0.0,0,0,,
212,11,13,[27.57],333.01,4.213717305786613,0,13.78336986877271,166.505,249.7575,3330.1,0,0,0,0,0,0.0,0.0,0.0,0,0,0,0.0,0,0.0,0,0,0,0.0,0,0.0,0.0,0.0,0,0.0,0,0,,
213,11,14,[28.71],365.04,0.30980166557089633,0,7.725180802103879,182.52,273.78000000000003,3650.4,0,0,0,0,0,0.0,0.0,0.0,0,0,0,0.0,0,0.0,0,0,0,0.0,0,0.0,0.0,0.0,0,0.0,0,0,,
214,11,15,[29.93],238.88000000000002,0.16682016075016742,0,1.08841259209645,119.44000000000001,179.16000000000003,2388.8,0,0,0,0,0,0.0,0.0,0.0,0,0,0,0.0,0,0.0,0,0,0,0.0,0,0.0,0.0,0.0,0,0.0,0,0,,
215,11,16,[27.17],-7990.389999999999,0.010584307178631052,45,5.242070116861435,-3995.1949999999997,-5992.7925,21168.39,29,16,30,29,1,3701.26,180.0,3881.26,171,0,171,17416.0,0,17416.0,84,0,84,9188.39,0,9188.39,12762.965517241379,180000.0,0,105233.33333333333,0,0,7.0,1.3555555555555556
216,11,17,[32.1],-3513.96,0.7537132141411128,38,4.0701515119227745,-1756.98,-2635.4700000000003,13837.9,24,14,26,24,2,3453.75,406.6,3860.35,130,0,130,13450.08,0,13450.08,28,0,28,4452.5,0,4452.5,14390.625,203300.0,0,92541.66666666667,0,0,7.0,1.368421052631579
217,11,18,[38.18],-533.29,0.8056215057057516,5,14.21970335196957,-266.645,-399.9675,4842.1,3,2,4,3,1,415.0,300.0,715.0,26,0,26,2476.1,0,2476.1,3,0,3,925.0,0,925.0,13833.333333333334,300000.0,0,25000.0,0,0,7.0,1.4
218,11,19,[26.82],1444.48,0.1549415706690297,0,5.5383252104563585,722.24,1083.3600000000001,14444.8,0,0,0,0,0,0.0,0.0,0.0,0,0,0,0.0,0,0.0,0,0,0,0.0,0,0.0,0.0,0.0,0,0.0,0,0,,
219,11,20,[27.83],911.3299999999999,0.2838817991287459,0,7.911513941162915,455.66499999999996,683.4975,9113.3,0,0,0,0,0,0.0,0.0,0.0,0,0,0,0.0,0,0.0,0,0,0,0.0,0,0.0,0.0,0.0,0,0.0,0,0,,
220,12,1,[27.54],126.52000000000001,3.4060227631994944,0,12.883338602592476,63.260000000000005,94.89000000000001,1265.2,0,0,0,0,0,0.0,0.0,0.0,0,0,0,0.0,0,0.0,0,0,0,0.0,0,0.0,0.0,0.0,0,0.0,0,0,,
221,12,2,[31.18],4395.43,1.790614353404069,0,-6.244474932551828,1847.7150000000001,2771.5725,36954.3,0,0,0,0,0,0.0,0.0,0.0,0,0,0,0.0,0,0.0,0,0,0,0.0,0,0.0,0.0,0.0,0,0.0,0,0,,
222,12,3,[32.33],269.55000000000007,1.3598160305626645,21,11.414635955639628,134.77500000000003,202.16250000000005,11593.289999999999,12,9,15,12,3,1208.75,760.0,1968.75,45,0,45,5108.22,0,5108.22,7,0,7,808.89,0,808.89,10072.916666666666,253333.33333333334,0,99000.0,0,0,7.0,1.4285714285714286
223,12,4,[31.47],-3093.25,0.8073584702975615,43,2.113438607798905,-1546.625,-2319.9375,14033.150000000001,27,16,29,27,2,3402.65,520.8,3923.45,150,0,150,15216.22,0,15216.22,44,0,44,4724.15,0,4724.15,12602.407407407407,260400.0,0,114760.71428571429,0,0,7.0,1.372093023255814
224,12,5,[40.11],-11527.88,0.3070257238383333,62,15.284190415538928,-5763.94,-8645.91,16364.25,34,28,36,34,2,3432.6,560.0,3992.6,209,0,209,22726.92,0,22726.92,126,0,126,11967.55,0,11967.55,10095.882352941177,280000.0,0,136903.84615384616,0,0,7.0,1.4516129032258065
225,12,6,[25.55],3758.53,0.9935132236728103,0,-5.8261387006176175,1529.265,2293.8975,30585.3,0,0,0,0,0,0.0,0.0,0.0,0,0,0,0.0,0,0.0,0,0,0,0.0,0,0.0,0.0,0.0,0,0.0,0,0,,
226,12,7,[32.69],162.44000000000003,2.1971189362226053,0,21.115488795863087,81.22000000000001,121.83000000000001,1624.4,0,0,0,0,0,0.0,0.0,0.0,0,0,0,0.0,0,0.0,0,0,0,0.0,0,0.0,0.0,0.0,0,0.0,0,0,,
227,12,8,[31.28],289.99,0.4445670540363461,0,16.8281664884996,144.995,217.4925,2899.9,0,0,0,0,0,0.0,0.0,0.0,0,0,0,0.0,0,0.0,0,0,0,0.0,0,0.0,0.0,0.0,0,0.0,0,0,,
228,12,9,[37.02],-8233.949999999999,1.5199655083211174,61,0.8415969647322583,-4116.974999999999,-6175.4625,40125.700000000004,32,29,36,32,4,3745.1,1200.0,4945.1,214,0,214,19832.89,0,19832.89,107,0,107,11133.2,0,11133.2,11703.4375,300000.0,0,73724.0,0,0,7.0,1.4754098360655739
229,12,10,[31.36],507.89,1.7495717576640613,0,12.640532398747762,253.945,380.9175,5078.9,0,0,0,0,0,0.0,0.0,0.0,0,0,0,0.0,0,0.0,0,0,0,0.0,0,0.0,0.0,0.0,0,0.0,0,0,,
230,12,11,[30.97],-1055.71,0.13139122831239358,33,9.848589442680288,-527.855,-791.7825,3445.9,15,18,18,15,3,2775.0,1006.6,3781.6,75,0,75,9078.67,0,9078.67,11,0,11,1273.0,0,1273.0,18500.0,335533.3333333333,0,148806.66666666666,0,0,7.0,1.5454545454545454
231,12,12,[30.64],270.2,2.9440044411547,0,10.399703923019986,135.1,202.64999999999998,2702.0,0,0,0,0,0,0.0,0.0,0.0,0,0,0,0.0,0,0.0,0,0,0,0.0,0,0.0,0.0,0.0,0,0.0,0,0,,
232,12,13,[27.57],333.01,4.213717305786613,0,13.78336986877271,166.505,249.7575,3330.1,0,0,0,0,0,0.0,0.0,0.0,0,0,0,0.0,0,0.0,0,0,0,0.0,0,0.0,0.0,0.0,0,0.0,0,0,,
233,12,14,[28.71],365.04,0.30980166557089633,0,7.725180802103879,182.52,273.78000000000003,3650.4,0,0,0,0,0,0.0,0.0,0.0,0,0,0,0.0,0,0.0,0,0,0,0.0,0,0.0,0.0,0.0,0,0.0,0,0,,
234,12,15,[29.93],238.88000000000002,0.16682016075016742,0,1.08841259209645,119.44000000000001,179.16000000000003,2388.8,0,0,0,0,0,0.0,0.0,0.0,0,0,0,0.0,0,0.0,0,0,0,0.0,0,0.0,0.0,0.0,0,0.0,0,0,,
235,12,16,[27.17],-10234.89,0.010584307178631052,50,5.242070116861435,-5117.445,-7676.1675,23412.89,30,20,33,30,3,4176.36,1114.0,5290.36,165,0,165,16349.56,0,16349.56,107,0,107,11432.89,0,11432.89,13921.2,371333.3333333333,0,69297.64705882352,0,0,7.0,1.4
236,12,17,[32.1],-5049.780000000001,0.7537132141411128,38,4.0701515119227745,-2524.8900000000003,-3787.3350000000005,15373.719999999998,27,11,29,27,2,3832.5,500.0,4332.5,126,0,126,12857.66,0,12857.66,41,0,41,5988.32,0,5988.32,14194.444444444445,250000.0,0,104822.22222222222,0,0,7.0,1.2894736842105263
237,12,18,[38.18],-807.1899999999999,0.8056215057057516,3,14.21970335196957,-403.59499999999997,-605.3924999999999,5116.0,1,2,1,1,0,20.0,0.0,20.0,24,0,24,2774.2,0,2774.2,7,0,7,1198.9,0,1198.9,2000.0,0.0,0,286000.0,0,0,7.0,1.6666666666666667
238,12,19,[26.82],1444.48,0.1549415706690297,0,5.5383252104563585,722.24,1083.3600000000001,14444.8,0,0,0,0,0,0.0,0.0,0.0,0,0,0,0.0,0,0.0,0,0,0,0.0,0,0.0,0.0,0.0,0,0.0,0,0,,
239,12,20,[27.83],911.3299999999999,0.2838817991287459,0,7.911513941162915,455.66499999999996,683.4975,9113.3,0,0,0,0,0,0.0,0.0,0.0,0,0,0,0.0,0,0.0,0,0,0,0.0,0,0.0,0.0,0.0,0,0.0,0,0,,
240,13,1,[27.54],126.52000000000001,3.4060227631994944,0,12.883338602592476,63.260000000000005,94.89000000000001,1265.2,0,0,0,0,0,0.0,0.0,0.0,0,0,0,0.0,0,0.0,0,0,0,0.0,0,0.0,0.0,0.0,0,0.0,0,0,,
241,13,2,[31.18],4495.43,1.790614353404069,0,-8.244474932551828,1847.7150000000001,2771.5725,36954.3,0,0,0,0,0,0.0,0.0,0.0,0,0,0,0.0,0,0.0,0,0,0,0.0,0,0.0,0.0,0.0,0,0.0,0,0,,
242,13,3,[32.33],-449.04999999999995,1.3598160305626645,17,11.414635955639628,-224.52499999999998,-336.78749999999997,12311.89,9,8,9,9,0,956.0,0.0,956.0,48,0,48,5012.82,0,5012.82,12,0,12,1527.49,0,1527.49,10622.222222222223,0.0,0,77900.0,0,0,7.0,1.4705882352941178
243,13,4,[31.47],-5473.200000000001,0.8073584702975615,57,0.11343860779890491,-2736.6000000000004,-4104.900000000001,16513.100000000002,36,21,39,36,3,5069.3,770.0,5839.3,146,0,146,14563.03,0,14563.03,66,0,66,7204.1,0,7204.1,14081.388888888889,256666.66666666666,0,101486.66666666667,0,0,7.0,1.368421052631579
244,13,5,[40.11],-13187.38,0.3070257238383333,58,15.284190415538928,-6593.69,-9890.535,18023.75,38,20,40,38,2,5608.15,430.0,6038.15,214,0,214,22856.51,0,22856.51,139,0,139,13627.05,0,13627.05,14758.28947368421,215000.0,0,99393.88888888889,0,0,7.0,1.3448275862068966
245,13,6,[25.55],3858.53,0.9935132236728103,0,-7.8261387006176175,1529.265,2293.8975,30585.3,0,0,0,0,0,0.0,0.0,0.0,0,0,0,0.0,0,0.0,0,0,0,0.0,0,0.0,0.0,0.0,0,0.0,0,0,,
246,13,7,[32.69],162.44000000000003,2.1971189362226053,0,21.115488795863087,81.22000000000001,121.83000000000001,1624.4,0,0,0,0,0,0.0,0.0,0.0,0,0,0,0.0,0,0.0,0,0,0,0.0,0,0.0,0.0,0.0,0,0.0,0,0,,
247,13,8,[31.28],289.99,0.4445670540363461,0,16.8281664884996,144.995,217.4925,2899.9,0,0,0,0,0,0.0,0.0,0.0,0,0,0,0.0,0,0.0,0,0,0,0.0,0,0.0,0.0,0.0,0,0.0,0,0,,
248,13,9,[37.02],-9843.35,1.5199655083211174,68,0.8415969647322583,-4921.675,-7382.512500000001,41735.1,41,27,46,41,5,5523.2,1356.6,6879.8,216,0,216,20386.45,0,20386.45,127,0,127,12742.6,0,12742.6,13471.219512195123,271320.0,0,98316.36363636363,0,0,7.0,1.3970588235294117
249,13,10,[31.36],507.89,1.7495717576640613,0,12.640532398747762,253.945,380.9175,5078.9,0,0,0,0,0,0.0,0.0,0.0,0,0,0,0.0,0,0.0,0,0,0,0.0,0,0.0,0.0,0.0,0,0.0,0,0,,
250,13,11,[30.97],-3427.57,0.13139122831239358,21,9.848589442680288,-1713.785,-2570.6775000000002,5817.759999999999,11,10,13,11,2,1590.8,450.0,2040.8,71,0,71,7638.31,0,7638.31,23,0,23,3644.86,0,3644.86,14461.818181818182,225000.0,0,116437.5,0,0,7.0,1.4761904761904763
251,13,12,[30.64],270.2,2.9440044411547,0,10.399703923019986,135.1,202.64999999999998,2702.0,0,0,0,0,0,0.0,0.0,0.0,0,0,0,0.0,0,0.0,0,0,0,0.0,0,0.0,0.0,0.0,0,0.0,0,0,,
252,13,13,[27.57],333.01,4.213717305786613,0,13.78336986877271,166.505,249.7575,3330.1,0,0,0,0,0,0.0,0.0,0.0,0,0,0,0.0,0,0.0,0,0,0,0.0,0,0.0,0.0,0.0,0,0.0,0,0,,
253,13,14,[28.71],365.04,0.30980166557089633,0,7.725180802103879,182.52,273.78000000000003,3650.4,0,0,0,0,0,0.0,0.0,0.0,0,0,0,0.0,0,0.0,0,0,0,0.0,0,0.0,0.0,0.0,0,0.0,0,0,,
254,13,15,[29.93],238.88000000000002,0.16682016075016742,0,1.08841259209645,119.44000000000001,179.16000000000003,2388.8,0,0,0,0,0,0.0,0.0,0.0,0,0,0,0.0,0,0.0,0,0,0,0.0,0,0.0,0.0,0.0,0,0.0,0,0,,
255,13,16,[27.17],-11543.09,0.010584307178631052,52,5.242070116861435,-5771.545,-8657.317500000001,24721.09,30,22,33,30,3,3861.9,755.0,4616.9,168,0,168,17093.11,0,17093.11,123,0,123,12741.09,0,12741.09,12873.0,251666.66666666666,0,107986.84210526316,0,0,7.0,1.4230769230769231
256,13,17,[32.1],-7259.080000000001,0.7537132141411128,31,4.0701515119227745,-3629.5400000000004,-5444.31,17583.019999999997,15,16,17,15,2,2424.99,374.8,2799.79,121,0,121,12069.03,0,12069.03,60,0,60,8197.62,0,8197.62,16166.6,187400.0,0,101476.42857142857,0,0,7.0,1.5161290322580645
257,13,18,[38.18],-968.1899999999999,0.8056215057057516,7,14.21970335196957,-484.09499999999997,-726.1424999999999,5277.0,2,5,2,2,0,426.0,0.0,426.0,25,0,25,2993.7,0,2993.7,11,0,11,1359.9,0,1359.9,21300.0,0.0,0,76100.0,0,0,7.0,1.7142857142857142
258,13,19,[26.82],1444.48,0.1549415706690297,0,5.5383252104563585,722.24,1083.3600000000001,14444.8,0,0,0,0,0,0.0,0.0,0.0,0,0,0,0.0,0,0.0,0,0,0,0.0,0,0.0,0.0,0.0,0,0.0,0,0,,
259,13,20,[27.83],911.3299999999999,0.2838817991287459,0,7.911513941162915,455.66499999999996,683.4975,9113.3,0,0,0,0,0,0.0,0.0,0.0,0,0,0,0.0,0,0.0,0,0,0,0.0,0,0.0,0.0,0.0,0,0.0,0,0,,
260,14,1,[27.54],126.52000000000001,3.4060227631994944,0,12.883338602592476,63.260000000000005,94.89000000000001,1265.2,0,0,0,0,0,0.0,0.0,0.0,0,0,0,0.0,0,0.0,0,0,0,0.0,0,0.0,0.0,0.0,0,0.0,0,0,,
261,14,2,[31.18],4595.43,1.790614353404069,0,-10.244474932551828,1847.7150000000001,2771.5725,36954.3,0,0,0,0,0,0.0,0.0,0.0,0,0,0,0.0,0,0.0,0,0,0,0.0,0,0.0,0.0,0.0,0,0.0,0,0,,
262,14,3,[32.33],-800.25,1.3598160305626645,20,11.414635955639628,-400.125,-600.1875,12663.09,13,7,14,13,1,2040.7,314.0,2354.7,48,0,48,5010.62,0,5010.62,18,0,18,1878.69,0,1878.69,15697.692307692309,314000.0,0,58166.666666666664,0,0,7.0,1.35
263,14,4,[31.47],-6623.800000000001,0.8073584702975615,48,-1.886561392201095,-3311.9000000000005,-4967.85,17763.7,27,21,28,27,1,3064.35,260.0,3324.35,152,0,152,16905.43,0,16905.43,80,0,80,8454.7,0,8454.7,11349.444444444445,260000.0,0,179650.0,0,0,7.0,1.4375
264,14,5,[40.11],-15799.529999999999,0.3070257238383333,52,15.284190415538928,-7899.764999999999,-11849.6475,20635.9,31,21,31,31,0,3948.86,0.0,3948.86,215,0,215,22581.56,0,22581.56,159,0,159,16239.2,0,16239.2,12738.258064516129,0.0,0,111295.23809523809,0,0,7.0,1.4038461538461537
265,14,6,[25.55],3958.53,0.9935132236728103,0,-9.826138700617618,1529.265,2293.8975,30585.3,0,0,0,0,0,0.0,0.0,0.0,0,0,0,0.0,0,0.0,0,0,0,0.0,0,0.0,0.0,0.0,0,0.0,0,0,,
266,14,7,[32.69],162.44000000000003,2.1971189362226053,0,21.115488795863087,81.22000000000001,121.83000000000001,1624.4,0,0,0,0,0,0.0,0.0,0.0,0,0,0,0.0,0,0.0,0,0,0,0.0,0,0.0,0.0,0.0,0,0.0,0,0,,
267,14,8,[31.28],289.99,0.4445670540363461,0,16.8281664884996,144.995,217.4925,2899.9,0,0,0,0,0,0.0,0.0,0.0,0,0,0,0.0,0,0.0,0,0,0,0.0,0,0.0,0.0,0.0,0,0.0,0,0,,
268,14,9,[37.02],-12523.85,1.5199655083211174,69,0.8415969647322583,-6261.925,-9392.8875,44415.6,39,30,43,39,4,4676.4,1550.0,6226.4,213,0,213,20744.45,0,20744.45,156,0,156,15423.1,0,15423.1,11990.76923076923,387500.0,0,116865.38461538461,0,0,7.0,1.434782608695652
269,14,10,[31.36],507.89,1.7495717576640613,0,12.640532398747762,253.945,380.9175,5078.9,0,0,0,0,0,0.0,0.0,0.0,0,0,0,0.0,0,0.0,0,0,0,0.0,0,0.0,0.0,0.0,0,0.0,0,0,,
270,14,11,[30.97],-4126.83,0.13139122831239358,26,9.848589442680288,-2063.415,-3095.1225,6517.0199999999995,17,9,18,17,1,3147.51,222.0,3369.51,70,0,70,7758.55,0,7758.55,32,0,32,4344.12,0,4344.12,18514.764705882353,222000.0,0,102437.5,0,0,7.0,1.3461538461538463
271,14,12,[30.64],270.2,2.9440044411547,0,10.399703923019986,135.1,202.64999999999998,2702.0,0,0,0,0,0,0.0,0.0,0.0,0,0,0,0.0,0,0.0,0,0,0,0.0,0,0.0,0.0,0.0,0,0.0,0,0,,
272,14,13,[27.57],333.01,4.213717305786613,0,13.78336986877271,166.505,249.7575,3330.1,0,0,0,0,0,0.0,0.0,0.0,0,0,0,0.0,0,0.0,0,0,0,0.0,0,0.0,0.0,0.0,0,0.0,0,0,,
273,14,14,[28.71],365.04,0.30980166557089633,0,7.725180802103879,182.52,273.78000000000003,3650.4,0,0,0,0,0,0.0,0.0,0.0,0,0,0,0.0,0,0.0,0,0,0,0.0,0,0.0,0.0,0.0,0,0.0,0,0,,
274,14,15,[29.93],238.88000000000002,0.16682016075016742,0,1.08841259209645,119.44000000000001,179.16000000000003,2388.8,0,0,0,0,0,0.0,0.0,0.0,0,0,0,0.0,0,0.0,0,0,0,0.0,0,0.0,0.0,0.0,0,0.0,0,0,,
275,14,16,[27.17],-13467.98,0.010584307178631052,51,5.242070116861435,-6733.99,-10100.985,26645.98,35,16,36,35,1,4843.9,200.0,5043.9,167,0,167,16347.72,0,16347.72,139,0,139,14665.98,0,14665.98,13839.714285714286,200000.0,0,78633.33333333333,0,0,7.0,1.3137254901960784
276,14,17,[32.1],-8305.630000000001,0.7537132141411128,38,4.0701515119227745,-4152.8150000000005,-6229.222500000001,18629.57,18,20,22,18,4,1817.55,1280.0,3097.55,126,0,126,12458.68,0,12458.68,71,0,71,9244.17,0,9244.17,10097.5,320000.0,0,89762.5,0,0,7.0,1.5263157894736843
277,14,18,[38.18],-968.1899999999999,0.8056215057057516,6,14.21970335196957,-484.09499999999997,-726.1424999999999,5277.0,3,3,3,3,0,190.0,0.0,190.0,28,0,28,3268.7,0,3268.7,11,0,11,1359.9,0,1359.9,6333.333333333333,0.0,0,91666.66666666667,0,0,7.0,1.5
278,14,19,[26.82],1444.48,0.1549415706690297,1,5.5383252104563585,722.24,1083.3600000000001,14444.8,0,1,0,0,0,0.0,0.0,0.0,1,0,1,200.0,0,200.0,0,0,0,0.0,0,0.0,0.0,0.0,0,20000.0,0,0,7.0,2.0
279,14,20,[27.83],911.3299999999999,0.2838817991287459,0,7.911513941162915,455.66499999999996,683.4975,9113.3,0,0,0,0,0,0.0,0.0,0.0,0,0,0,0.0,0,0.0,0,0,0,0.0,0,0.0,0.0,0.0,0,0.0,0,0,,
280,15,1,[27.54],126.52000000000001,3.4060227631994944,0,12.883338602592476,63.260000000000005,94.89000000000001,1265.2,0,0,0,0,0,0.0,0.0,0.0,0,0,0,0.0,0,0.0,0,0,0,0.0,0,0.0,0.0,0.0,0,0.0,0,0,,
281,15,2,[31.18],4695.43,1.790614353404069,0,-12.244474932551828,1847.7150000000001,2771.5725,36954.3,0,0,0,0,0,0.0,0.0,0.0,0,0,0,0.0,0,0.0,0,0,0,0.0,0,0.0,0.0,0.0,0,0.0,0,0,,
282,15,3,[32.33],-2214.25,1.3598160305626645,14,11.414635955639628,-1107.125,-1660.6875,14077.09,9,5,9,9,0,1506.2,0.0,1506.2,47,0,47,4582.72,0,4582.72,24,0,24,3292.69,0,3292.69,16735.555555555555,0.0,0,197220.0,0,0,7.0,1.3571428571428572
283,15,4,[31.47],-7756.8,0.8073584702975615,44,-3.886561392201095,-3878.4,-5817.6,18996.700000000004,24,20,28,24,4,2974.7,1050.0,4024.7,153,0,153,17183.43,0,17183.43,95,0,95,9687.7,0,9687.7,12394.583333333334,262500.0,0,94437.5,0,0,7.0,1.4545454545454546
284,15,5,[40.11],-18303.63,0.3070257238383333,79,15.284190415538928,-9151.815,-13727.7225,23140.000000000004,47,32,52,47,5,6912.75,1250.0,8162.75,213,0,213,22704.56,0,22704.56,188,0,188,18743.3,0,18743.3,14707.978723404256,250000.0,0,97300.0,0,0,7.0,1.4050632911392404
285,15,6,[25.55],4058.53,0.9935132236728103,0,-11.826138700617618,1529.265,2293.8975,30585.3,0,0,0,0,0,0.0,0.0,0.0,0,0,0,0.0,0,0.0,0,0,0,0.0,0,0.0,0.0,0.0,0,0.0,0,0,,
286,15,7,[32.69],162.44000000000003,2.1971189362226053,0,21.115488795863087,81.22000000000001,121.83000000000001,1624.4,0,0,0,0,0,0.0,0.0,0.0,0,0,0,0.0,0,0.0,0,0,0,0.0,0,0.0,0.0,0.0,0,0.0,0,0,,
287,15,8,[31.28],289.99,0.4445670540363461,0,16.8281664884996,144.995,217.4925,2899.9,0,0,0,0,0,0.0,0.0,0.0,0,0,0,0.0,0,0.0,0,0,0,0.0,0,0.0,0.0,0.0,0,0.0,0,0,,
288,15,9,[37.02],-14821.250000000002,1.5199655083211174,51,0.8415969647322583,-7410.625000000001,-11115.937500000002,46712.99999999999,26,25,27,26,1,3379.76,500.0,3879.76,211,0,211,20274.54,0,20274.54,182,0,182,17720.5,0,17720.5,12999.076923076924,500000.0,0,76145.41666666667,0,0,7.0,1.4901960784313726
289,15,10,[31.36],507.89,1.7495717576640613,0,12.640532398747762,253.945,380.9175,5078.9,0,0,0,0,0,0.0,0.0,0.0,0,0,0,0.0,0,0.0,0,0,0,0.0,0,0.0,0.0,0.0,0,0.0,0,0,,
290,15,11,[30.97],-4436.83,0.13139122831239358,25,9.848589442680288,-2218.415,-3327.6225,6827.0199999999995,12,13,16,12,4,1491.7,1084.0,2575.7,75,0,75,8821.55,0,8821.55,36,0,36,4654.12,0,4654.12,12430.833333333334,271000.0,0,152555.55555555556,0,0,7.0,1.52
291,15,12,[30.64],270.2,2.9440044411547,0,10.399703923019986,135.1,202.64999999999998,2702.0,0,0,0,0,0,0.0,0.0,0.0,0,0,0,0.0,0,0.0,0,0,0,0.0,0,0.0,0.0,0.0,0,0.0,0,0,,
292,15,13,[27.57],333.01,4.213717305786613,0,13.78336986877271,166.505,249.7575,3330.1,0,0,0,0,0,0.0,0.0,0.0,0,0,0,0.0,0,0.0,0,0,0,0.0,0,0.0,0.0,0.0,0,0.0,0,0,,
293,15,14,[28.71],365.04,0.30980166557089633,0,7.725180802103879,182.52,273.78000000000003,3650.4,0,0,0,0,0,0.0,0.0,0.0,0,0,0,0.0,0,0.0,0,0,0,0.0,0,0.0,0.0,0.0,0,0.0,0,0,,
294,15,15,[29.93],238.88000000000002,0.16682016075016742,0,1.08841259209645,119.44000000000001,179.16000000000003,2388.8,0,0,0,0,0,0.0,0.0,0.0,0,0,0,0.0,0,0.0,0,0,0,0.0,0,0.0,0.0,0.0,0,0.0,0,0,,
295,15,16,[27.17],-14592.939999999999,0.010584307178631052,59,5.242070116861435,-7296.469999999999,-10944.704999999998,27770.940000000002,36,23,36,36,0,4789.26,0.0,4789.26,172,0,172,17538.36,0,17538.36,157,0,157,15790.94,0,15790.94,13303.5,0.0,0,100678.26086956522,0,0,7.0,1.3898305084745763
296,15,17,[32.1],-10670.480000000001,0.7537132141411128,34,4.0701515119227745,-5335.240000000001,-8002.860000000001,20994.42,14,20,18,14,4,1415.36,955.0,2370.36,123,0,123,12215.83,0,12215.83,90,0,90,11609.02,0,11609.02,10109.714285714286,238750.0,0,132625.0,0,0,7.0,1.588235294117647
297,15,18,[38.18],-1375.19,0.8056215057057516,4,14.21970335196957,-687.595,-1031.3925,5684.0,1,3,2,1,1,15.75,174.8,190.55,28,0,28,3176.7,0,3176.7,13,0,13,1766.9,0,1766.9,1575.0,174800.0,0,157500.0,0,0,7.0,1.75
298,15,19,[26.82],1444.48,0.1549415706690297,1,5.5383252104563585,722.24,1083.3600000000001,14444.8,0,1,0,0,0,0.0,0.0,0.0,2,0,2,406.6,0,406.6,0,0,0,0.0,0,0.0,0.0,0.0,0,20660.0,0,0,7.0,2.0
299,15,20,[27.83],911.3299999999999,0.2838817991287459,0,7.911513941162915,455.66499999999996,683.4975,9113.3,0,0,0,0,0,0.0,0.0,0.0,0,0,0,0.0,0,0.0,0,0,0,0.0,0,0.0,0.0,0.0,0,0.0,0,0,,
